<config>
<append xpath="/lootcontainers/lootgroup[@name='group9mmSmall']">
			<item name="ammo9mmBulletBall" count="25,50" loot_prob_template="guaranteed"/>
            <item name="ammo9mmBulletAP" count="10,20" loot_prob_template="low"/>
            <item name="ammo9mmBulletHP" count="10,20" loot_prob_template="low"/>
			<item name="thrownAmmoMolotovCocktail" count="1,6" loot_prob_template="low"/>
            <item name="thrownAmmoPipeBomb" count="1,6" loot_prob_template="low"/>
<!--			<item name="ammo45ACPHighpower" count="10,20" loot_prob_template="low"/>
			<item name="ammo45ACPArmorpiecing" count="10,20" loot_prob_template="low"/>
			<item name="ammo45ACPEnhanced" count="10,20" loot_prob_template="low"/>-->
</append>

<append xpath="/lootcontainers/lootgroup[@name='group9mmMedium']">
			<item name="ammo9mmBulletBall" count="50,75" loot_prob_template="guaranteed"/>
            <item name="ammo9mmBulletAP" count="20,40" loot_prob_template="medLow"/>
            <item name="ammo9mmBulletHP" count="20,40" loot_prob_template="medLow"/>
            <item name="thrownAmmoMolotovCocktail" count="1,5" loot_prob_template="medLow"/>
            <item name="thrownAmmoPipeBomb" count="1,2" loot_prob_template="medLow"/>
<!--			<item name="ammo45ACPHighpower" count="20,40" loot_prob_template="medLow"/>
			<item name="ammo45ACPArmorpiecing" count="20,40" loot_prob_template="medLow"/>
			<item name="ammo45ACPEnhanced" count="20,40" loot_prob_template="medLow"/>-->
</append>

<append xpath="/lootcontainers/lootgroup[@name='group9mmLarge']">
			<item name="ammo9mmBulletBall" count="75,100" loot_prob_template="guaranteed"/>
            <item name="ammo9mmBulletAP" count="40,60" loot_prob_template="med"/>
            <item name="ammo9mmBulletHP" count="40,60" loot_prob_template="med"/>
<!--			<item name="ammo45ACPHighpower" count="40,60" loot_prob_template="med"/>
			<item name="ammo45ACPArmorpiecing" count="40,60" loot_prob_template="med"/>
			<item name="ammo45ACPEnhanced" count="40,60" loot_prob_template="med"/>-->
</append>

<append xpath="/lootcontainers/lootgroup[@name='group762mmSmall']">
			<item name="ammo762mmBulletBall" count="25,50" loot_prob_template="guaranteed"/>
            <item name="ammo762mmBulletAP" count="10,20" loot_prob_template="low"/>
            <item name="ammo762mmBulletHP" count="10,20" loot_prob_template="low"/>
            <item name="ammoRocketHE" count="1,2" loot_prob_template="low"/>
            <item name="ammoRocketFrag" count="1,2" loot_prob_template="low"/>
            <item name="thrownGrenade" count="1,3" loot_prob_template="low"/>
            <item name="thrownDynamite" count="1,1" loot_prob_template="low"/>
            <item name="thrownGrenadeContact" count="1,2" loot_prob_template="low"/>
            <item name="thrownAmmoPipeBomb" count="1,3" loot_prob_template="low"/>
<!--			<item name="ammoRocketRPGTraning" count="1,2" loot_prob_template="low"/>
			<item name="ammoRocketRPGHE" count="1,2" loot_prob_template="low"/>
			<item name="ammoRocketRPGIncendiary" count="1,2" loot_prob_template="low"/>
			<item name="ammo25mmGrenadeTraining" count="2,4" loot_prob_template="low"/>
			<item name="ammo25mmGrenadeFRAGS" count="2,4" loot_prob_template="low"/>
			<item name="ammo25mmGrenadeHE" count="2,4" loot_prob_template="low"/>
			<item name="ammo762mmExplosiveFragmentations" count="10,20" loot_prob_template="low"/>
			<item name="ammo556mmHIpower" count="10,20" loot_prob_template="low"/>
			<item name="ammo556mmArmorPiercing" count="10,20" loot_prob_template="low"/>-->
			
</append>

<append xpath="/lootcontainers/lootgroup[@name='group762mmMedium']">
			<item name="ammo762mmBulletBall" count="50,75" loot_prob_template="guaranteed"/>
            <item name="ammo762mmBulletAP" count="20,40" loot_prob_template="medLow"/>
            <item name="ammo762mmBulletHP" count="20,40" loot_prob_template="medLow"/>
            <item name="ammoRocketHE" count="2,4" loot_prob_template="medLow"/>
            <item name="ammoRocketFrag" count="2,4" loot_prob_template="medLow"/>
            <item name="thrownGrenade" count="3,6" loot_prob_template="medLow"/>
            <item name="thrownDynamite" count="1,2" loot_prob_template="medLow"/>
            <item name="thrownGrenadeContact" count="2,4" loot_prob_template="medLow"/>
            <item name="thrownAmmoPipeBomb" count="3,6" loot_prob_template="medLow"/>
<!--			<item name="ammoRocketRPGTraning" count="2,4" loot_prob_template="medLow"/>
			<item name="ammoRocketRPGHE" count="2,4" loot_prob_template="medLow"/>
			<item name="ammoRocketRPGIncendiary" count="2,4" loot_prob_template="medLow"/>
			<item name="ammo25mmGrenadeTraining" count="4,8" loot_prob_template="medLow"/>
			<item name="ammo25mmGrenadeFRAGS" count="4,8" loot_prob_template="medLow"/>
			<item name="ammo25mmGrenadeHE" count="4,8" loot_prob_template="medLow"/>
			<item name="ammo762mmExplosiveFragmentations" count="20,40" loot_prob_template="medLow"/>
			<item name="ammo556mmHIpower" count="10,20" loot_prob_template="medLow"/>
			<item name="ammo556mmArmorPiercing" count="10,20" loot_prob_template="medLow"/>-->
</append>

<append xpath="/lootcontainers/lootgroup[@name='group762mmLarge']">
			<item name="ammo762mmBulletBall" count="75,100" loot_prob_template="guaranteed"/>
            <item name="ammo762mmBulletAP" count="40,60" loot_prob_template="med"/>
            <item name="ammo762mmBulletHP" count="40,60" loot_prob_template="med"/>
            <item name="ammoRocketHE" count="4,6" loot_prob_template="med"/>
            <item name="ammoRocketFrag" count="4,6" loot_prob_template="med"/>
            <item name="thrownDynamite" count="2,4" loot_prob_template="med"/>
            <item name="thrownGrenadeContact" count="4,6" loot_prob_template="med"/>
<!--			<item name="ammoRocketRPGTraning" count="4,6" loot_prob_template="med"/>
			<item name="ammoRocketRPGHE" count="4,6" loot_prob_template="med"/>
			<item name="ammoRocketRPGIncendiary" count="4,6" loot_prob_template="med"/>
			<item name="ammo25mmGrenadeTraining" count="8,12" loot_prob_template="med"/>
			<item name="ammo25mmGrenadeFRAGS" count="8,12" loot_prob_template="med"/>
			<item name="ammo25mmGrenadeHE" count="8,12" loot_prob_template="med"/>
			<item name="ammo762mmExplosiveFragmentations" count="40,60" loot_prob_template="med"/>
			<item name="ammo556mmHIpower" count="10,20" loot_prob_template="med"/>
			<item name="ammo556mmArmorPiercing" count="10,20" loot_prob_template="med"/>-->
</append>

<append xpath="/lootcontainers/lootgroup[@name='group44MagnumSmall']">
			<item name="ammo44MagnumBulletBall" count="10,25" loot_prob_template="guaranteed"/>
            <item name="ammo44MagnumBulletAP" count="5,10" loot_prob_template="low"/>
            <item name="ammo44MagnumBulletHP" count="5,10" loot_prob_template="low"/>
            <item name="thrownAmmoMolotovCocktail" count="1,3" loot_prob_template="low"/>
			<item name="thrownAmmoPipeBomb" count="1,2" loot_prob_template="low"/>
<!--			<item name="ammo45ACPHighpower" count="10,20" loot_prob_template="low"/>
			<item name="ammo45ACPArmorpiecing" count="10,20" loot_prob_template="low"/>
			<item name="ammo45ACPEnhanced" count="10,20" loot_prob_template="low"/>-->
		</append>
		
<append xpath="/lootcontainers/lootgroup[@name='group44MagnumMedium']">
			<item name="ammo44MagnumBulletBall" count="25,50" loot_prob_template="guaranteed"/>
            <item name="ammo44MagnumBulletAP" count="10,20" loot_prob_template="medLow"/>
            <item name="ammo44MagnumBulletHP" count="10,20" loot_prob_template="medLow"/>
			<item name="thrownAmmoMolotovCocktail" count="3,5" loot_prob_template="medLow"/>
			<item name="thrownAmmoPipeBomb" count="3,5" loot_prob_template="medLow"/>
<!--			<item name="ammo45ACPHighpower" count="40,60" loot_prob_template="medLow"/>
			<item name="ammo45ACPArmorpiecing" count="20,40" loot_prob_template="medLow"/>
			<item name="ammo45ACPEnhanced" count="20,40" loot_prob_template="medLow"/>-->
</append>

<append xpath="/lootcontainers/lootgroup[@name='group44MagnumLarge']">
			<item name="ammo44MagnumBulletBall" count="50,75" loot_prob_template="guaranteed"/>
            <item name="ammo44MagnumBulletAP" count="20,40" loot_prob_template="med"/>
            <item name="ammo44MagnumBulletHP" count="20,40" loot_prob_template="med"/>
<!--			<item name="ammo45ACPHighpower" count="40,60" loot_prob_template="med"/>
			<item name="ammo45ACPArmorpiecing" count="40,60" loot_prob_template="med"/>
			<item name="ammo45ACPEnhanced" count="40,60" loot_prob_template="med"/>-->
</append>

<append xpath="/lootcontainers/lootgroup[@name='groupShotgunShellSmall']">
			<item name="ammoShotgunShell" count="8,15" loot_prob_template="guaranteed"/>
            <item name="ammoShotgunSlug" count="4,8" loot_prob_template="low"/>
            <item name="ammoShotgunBreachingSlug" count="4,8" loot_prob_template="low"/>
			<item name="thrownAmmoMolotovCocktail" count="1,3" loot_prob_template="low"/>
			<item name="thrownAmmoPipeBomb" count="1,3" loot_prob_template="low"/>
<!--			<item name="ammoShotgunShellPremium" count="4,8" loot_prob_template="low"/>
			<item name="ammoShotgunShellDragoBreath" count="4,8" loot_prob_template="low"/>-->
</append>

<append xpath="/lootcontainers/lootgroup[@name='groupShotgunShellMedium']">
			<item name="ammoShotgunShell" count="15,30" loot_prob_template="guaranteed"/>
            <item name="ammoShotgunSlug" count="8,16" loot_prob_template="medLow"/>
            <item name="ammoShotgunBreachingSlug" count="8,16" loot_prob_template="medLow"/>
			<item name="thrownAmmoMolotovCocktail" count="3,5" loot_prob_template="medLow"/>
			<item name="thrownAmmoPipeBomb" count="3,5" loot_prob_template="medLow"/>
<!--			<item name="ammoShotgunShellPremium" count="8,16" loot_prob_template="medLow"/>
			<item name="ammoShotgunShellDragoBreath" count="8,16" loot_prob_template="medLow"/>-->
</append>

<append xpath="/lootcontainers/lootgroup[@name='groupShotgunShellLarge']">
			<item name="ammoShotgunShell" count="30,45" loot_prob_template="guaranteed"/>
            <item name="ammoShotgunSlug" count="16,32" loot_prob_template="med"/>
            <item name="ammoShotgunBreachingSlug" count="16,32" loot_prob_template="med"/>
<!--			<item name="ammoShotgunShellPremium" count="16,32" loot_prob_template="med"/>
			<item name="ammoShotgunShellDragoBreath" count="16,32" loot_prob_template="med"/>-->
</append>

<append xpath="/lootcontainers/lootgroup[@name='groupArrowSmall']">
            <item name="ammoArrowSteelAP" count="4,20" loot_prob_template="medLow"/>
            <item name="ammoArrowFlaming" count="2,10" loot_prob_template="medLow"/>
            <item name="ammoArrowExploding" count="2,10" loot_prob_template="medLow"/>
			<item name="resourceArrowHeadSteelAP" count="2,10" loot_prob_template="low"/>
</append>
			
<append xpath="/lootcontainers/lootgroup[@name='groupArrowMedium']">
            <item name="ammoArrowSteelAP" count="10,30" loot_prob_template="med"/>
            <item name="ammoArrowFlaming" count="5,15" loot_prob_template="med"/>
            <item name="ammoArrowExploding" count="5,15" loot_prob_template="med"/>
			<item name="resourceArrowHeadSteelAP" count="5,10" loot_prob_template="medLow"/>
</append>

<append xpath="/lootcontainers/lootgroup[@name='groupArrowLarge']">
            <item name="ammoArrowSteelAP" count="20,40" loot_prob_template="high"/>
            <item name="ammoArrowFlaming" count="10,20" loot_prob_template="medHigh"/>
            <item name="ammoArrowExploding" count="10,20" loot_prob_template="medHigh"/>
			<item name="resourceArrowHeadSteelAP" count="5,10" loot_prob_template="med"/>
</append>

<append xpath="/lootcontainers/lootgroup[@name='groupCrossbowBoltSmall']">
            <item name="ammoCrossbowBoltFlaming" count="2,10" loot_prob_template="medLow"/>
            <item name="ammoCrossbowBoltSteelAP" count="4,20" loot_prob_template="medLow"/>
			<item name="ammoCrossbowBoltExploding" count="2,10" loot_prob_template="medLow"/>
			<item name="resourceArrowHeadSteelAP" count="2,10" loot_prob_template="low"/>
</append>

<append xpath="/lootcontainers/lootgroup[@name='groupCrossbowBoltMedium']">
            <item name="ammoCrossbowBoltFlaming" count="5,15" loot_prob_template="med"/>
            <item name="ammoCrossbowBoltSteelAP" count="10,30" loot_prob_template="med"/>
            <item name="ammoCrossbowBoltExploding" count="5,15" loot_prob_template="med"/>
			<item name="resourceArrowHeadSteelAP" count="5,10" loot_prob_template="medLow"/>
</append>

<append xpath="/lootcontainers/lootgroup[@name='groupCrossbowBoltLarge']">
            <item name="ammoCrossbowBoltFlaming" count="10,20" loot_prob_template="medHigh"/>
            <item name="ammoCrossbowBoltSteelAP" count="20,40" loot_prob_template="medHigh"/>
            <item name="ammoCrossbowBoltExploding" count="10,20" loot_prob_template="medHigh"/>
			<item name="resourceArrowHeadSteelAP" count="5,10" loot_prob_template="med"/>
</append>
	
<append xpath="/lootcontainers/lootgroup[@name='groupPassNGas01']">
		<item name="modVehicleOffRoadHeadlights" count="1" loot_prob_template="low"/>
		<item name="modVehicleFuelSaver" count="1" loot_prob_template="low"/>
		<item name="modVehicleReserveFuelTank" count="1" loot_prob_template="low"/>
		<item name="modVehicleExpandedSeat" count="1" loot_prob_template="low"/>
		<item name="modVehicleSuperCharger" count="1" loot_prob_template="low"/>
		<item name="vehicleWheels" count="1" loot_prob_template="med"/>
</append>

<append xpath="/lootcontainers/lootgroup[@name='groupPassNGas02']">
	<item name="modVehicleOffRoadHeadlights" count="1" loot_prob_template="low"/>
	<item name="modVehicleFuelSaver" count="1" loot_prob_template="low"/>
	<item name="modVehicleReserveFuelTank" count="1" loot_prob_template="low"/>
	<item name="modVehicleExpandedSeat" count="1" loot_prob_template="low"/>
	<item name="modVehicleSuperCharger" count="1" loot_prob_template="low"/>
	<item name="vehicleWheels" count="1" loot_prob_template="med"/>
</append>
	
<append xpath="/lootcontainers/lootgroup[@name='groupPassNGas03']">
	<item name="modVehicleOffRoadHeadlights" count="1" loot_prob_template="low"/> 
	<item name="modVehicleFuelSaver" count="1" loot_prob_template="low"/>
	<item name="modVehicleReserveFuelTank" count="1" loot_prob_template="low"/>
	<item name="modVehicleExpandedSeat" count="1" loot_prob_template="low"/>
	<item name="modVehicleSuperCharger" count="1" loot_prob_template="low"/>
	<item name="vehicleWheels" count="1" loot_prob_template="med"/>
</append>
	
<append xpath="/lootcontainers/lootgroup[@name='groupMedicalCommon']">
	<item name="medicalFirstAidBandage" count="1,2" loot_prob_template="high"/>
	<item name="resourceSewingKit" count="1,3" loot_prob_template="medLow"/>
	<item name="medicalAloeCream" count="1,2" loot_prob_template="medHigh"/>
	<item name="medicalSplint" count="1" loot_prob_template="medLow"/>
	<item name="drugVitamins" count="1" loot_prob_template="medLow"/>
	<item name="drugPainkillers" count="1" loot_prob_template="medLow"/>
</append>

<append xpath="/lootcontainers/lootgroup[@name='groupMedicalUncommon']">
	<item name="resourceSewingKit" count="1,4" loot_prob_template="medLow"/>
	<item name="drugVitamins" count="1" loot_prob_template="med"/>
	<item name="drugPainkillers" count="1" loot_prob_template="med"/>
	<item name="drugSteroids" count="1" loot_prob_template="med"/>
	<item name="medicalFirstAidBandage" count="1,3" loot_prob_template="guaranteed"/>
	<item name="medicalPlasterCast" count="1" loot_prob_template="medLow"/>
	<item name="drugHerbalAntibiotics" count="1" loot_prob_template="med"/>
</append>	

<append xpath="/lootcontainers/lootgroup[@name='groupMedicalRare']">
	<item name="resourceSewingKit" count="1,5" loot_prob_template="medLow"/>
	<item name="medicalAloeCream" count="1,2" loot_prob_template="medLow"/>
	<item name="medicalPlasterCast" count="1" loot_prob_template="medHigh"/>
	<item name="medicalFirstAidKit" loot_prob_template="guaranteed"/>
	<item name="drugFortBites" loot_prob_template="med"/>
	<item name="drugRecog" loot_prob_template="med"/>
	<item name="drugAntibiotics" loot_prob_template="medHigh"/>
	<item name="drugVitamins" count="1" loot_prob_template="medLow"/>
	<item name="drugPainkillers" count="1" loot_prob_template="med"/>
	</append>
	
<append xpath="/lootcontainers/lootgroup[@name='groupFoodCommon']">
		<item name="foodGrilledMeat" loot_prob_template="medLow"/>
		<item name="foodEggBoiled" loot_prob_template="medLow"/>
		<item name="foodPumpkinBread" loot_prob_template="medLow"/>
		<item name="foodCornOnTheCob" loot_prob_template="medLow"/>
		<item name="foodBakedPotato" loot_prob_template="medLow"/>
		<item name="foodCornBread" loot_prob_template="medLow"/>
		<item name="foodHoney" count="1" loot_prob_template="medLow"/>
		<item name="foodCanDogfood" loot_prob_template="medLow"/>
</append>

<append xpath="/lootcontainers/lootgroup[@name='groupFoodPileCommon']">	
	<item name="foodGrilledMeat" loot_prob_template="medLow"/>
	<item name="drugAtomJunkies" loot_prob_template="low"/>
	<item name="drugCovertCats" loot_prob_template="low"/>
	<item name="drugHackers" loot_prob_template="low"/>
	<item name="foodHoney" count="1" loot_prob_template="medLow"/>
	<item name="foodCanDogfood" loot_prob_template="low"/>
</append>

<append xpath="/lootcontainers/lootgroup[@name='groupDrinksCommon']">
	<item name="drinkJarYuccaJuice" loot_prob_template="low"/>
	<item name="drinkJarGoldenRodTea" loot_prob_template="low"/>
	<item name="drinkJarRedTea" loot_prob_template="low"/>
	<item name="drinkJarCoffee" loot_prob_template="low"/>
	<item name="drinkJarBeer" loot_prob_template="low"/>
	<item name="foodHoney" count="1" loot_prob_template="low"/>
</append>

<append xpath="/lootcontainers/lootgroup[@name='groupFoodUncommon']">
	<item name="foodBoiledMeat"/>
	<item name="foodBaconAndEggs"/>
	<item name="foodBlueberryPie"/>
	<item name="foodVegetableStew"/>
	<item name="foodMeatStew"/>
	<item name="foodShamChowder" loot_prob_template="low"/>
	<item name="foodSpaghetti" loot_prob_template="low"/>
	<item name="foodGumboStew" loot_prob_template="low"/>
	<item name="foodShepardsPie" loot_prob_template="low"/>
	<item name="foodChiliDog" loot_prob_template="low"/>
	<item name="foodFishTacos" loot_prob_template="low"/>
	<item name="foodPumpkinPie" loot_prob_template="low"/>
	<item name="foodPumpkinCheesecake" loot_prob_template="low"/>
	<item name="foodTunaFishGravyToast" loot_prob_template="low"/>
	<item name="foodSteakAndPotato" loot_prob_template="low"/>
	<item name="drugRockBusters" loot_prob_template="medLow"/>
	<item name="drugOhShitzDrops" loot_prob_template="medLow"/>
	<item name="drugSkullCrushers" loot_prob_template="medLow"/>
	<item name="drugNerdTats" loot_prob_template="medLow"/>
	<item name="drugHealthBar" loot_prob_template="medLow"/>
	<item name="drugJailBreakers" loot_prob_template="medLow"/>
	<item name="drugEyeKandy" loot_prob_template="medLow"/>
	<item name="drugSugarButts" loot_prob_template="medLow"/>
	<item name="drugCovertCats" loot_prob_template="medLow"/>
	<item name="drugHackers" loot_prob_template="medLow"/>
	<item name="drinkYuccaJuiceSmoothie" loot_prob_template="low"/>
	<item name="drinkCanMegaCrush" loot_prob_template="low"/>
</append>		

<append xpath="/lootcontainers/lootgroup[@name='groupFoodRare']">
	<item name="foodShamChowder"/>
	<item name="foodSpaghetti"/>
	<item name="foodGumboStew"/>
	<item name="foodShepardsPie"/>
	<item name="foodChiliDog"/>
	<item name="foodFishTacos"/>
	<item name="foodPumpkinPie"/>
	<item name="foodPumpkinCheesecake"/>
	<item name="foodTunaFishGravyToast"/>
	<item name="foodSteakAndPotato"/>
	<item name="drugSkullCrushers" loot_prob_template="medLow"/>
	<item name="drugNerdTats" loot_prob_template="medLow"/>
	<item name="drugHealthBar" loot_prob_template="medLow"/>
	<item name="drugJailBreakers" loot_prob_template="medLow"/>
	<item name="drugEyeKandy" loot_prob_template="medLow"/>
	<item name="drugSugarButts" loot_prob_template="medLow"/>
	<item name="drugRockBusters" loot_prob_template="medLow"/>
	<item name="drugOhShitzDrops" loot_prob_template="medLow"/>
	<item name="drinkYuccaJuiceSmoothie" loot_prob_template="low"/>
	<item name="drinkJarBlackStrapCoffee" loot_prob_template="low"/>
	<item name="drinkJarCoffee" loot_prob_template="low"/>
	<item name="drinkJarPureMineralWater" loot_prob_template="low"/>
	<item name="drinkCanMegaCrush" loot_prob_template="low"/>
	<item name="drinkJarGrandpasAwesomeSauce" loot_prob_template="low"/>
	<item name="drinkJarGrandpasLearningElixir" loot_prob_template="low"/>
	<item name="drinkJarGrandpasMoonshine" loot_prob_template="low"/>
</append>

<append xpath="/lootcontainers/lootgroup[@name='groupDrinksUncommon']">	
	<item name="drinkYuccaJuiceSmoothie" loot_prob_template="med"/>
	<item name="drinkJarBlackStrapCoffee" loot_prob_template="medLow"/>
	<item name="drinkJarPureMineralWater" loot_prob_template="medLow"/>
	<item name="drinkCanMegaCrush" loot_prob_template="med"/>
	<item name="drinkJarGrandpasAwesomeSauce" loot_prob_template="low"/>
	<item name="drinkJarGrandpasLearningElixir" loot_prob_template="low"/>
	<item name="drinkJarGrandpasMoonshine" loot_prob_template="low"/>
	<item name="drinkJarCoffee" count="1" loot_prob_template="low"/>
</append>
	
<append xpath="/lootcontainers/lootgroup[@name='seeds']">
	<item name="farmPlotBlockVariantHelper" count="1,4" loot_prob_template="medLow"/>
	<item name="plantedGraceCorn1" count="1,2" loot_prob_template="medLow"/>
	<item name="plantedGraceCorn1Schematic" count="1" loot_prob_template="veryLow"/>
</append>

<append xpath="/lootcontainers/lootgroup[@name='seedsNoFlowers']">
	<item name="farmPlotBlockVariantHelper" count="1,4" loot_prob_template="medLow"/>
	<item name="plantedGraceCorn1" count="1,2" loot_prob_template="medLow"/>
	<item name="plantedGraceCorn1Schematic" count="1" loot_prob_template="veryLow"/>
</append>

<append xpath="/lootcontainers/lootgroup[@name='groupCoffins01']">
	<item name="resourceSilverNugget" count="1,2" loot_prob_template="low"/>
	<item name="resourceGoldNugget" count="1,2" loot_prob_template="low"/>
	<item name="resourceRawDiamond" count="1,2" loot_prob_template="low"/>
</append>

<append xpath="/lootcontainers/lootgroup[@name='groupCoffins02']">
	<item name="resourceSilverNugget" count="1,2" loot_prob_template="low"/>
	<item name="resourceGoldNugget" count="1,2" loot_prob_template="low"/>
	<item name="resourceRawDiamond" count="1,2" loot_prob_template="low"/>
</append>

<append xpath="/lootcontainers/lootgroup[@name='groupCaskets01']">
	<item name="resourceSilverNugget" count="1,2" loot_prob_template="low"/>
	<item name="resourceGoldNugget" count="1,2" loot_prob_template="low"/>
	<item name="resourceRawDiamond" count="1,2" loot_prob_template="low"/>
</append>

<append xpath="/lootcontainers/lootgroup[@name='groupCaskets02']">
	<item name="resourceSilverNugget" count="1,2" loot_prob_template="low"/>
	<item name="resourceGoldNugget" count="1,2" loot_prob_template="low"/>
	<item name="resourceRawDiamond" count="1,2" loot_prob_template="low"/>
</append>

<append xpath="/lootcontainers/lootgroup[@name='groupFireTruck01']">
	<item group="groupFireTruckBW" count="1,2" loot_prob_template="medLow"/>
	<item name="modMeleeFiremansAxeMod" loot_prob_template="medLow"/>
</append>

<append xpath="/lootcontainers/lootgroup[@name='groupFireTruck02']">
	<item name="modMeleeFiremansAxeMod" loot_prob_template="medLow"/>
</append>

<append xpath="/lootcontainers/lootgroup[@name='groupFireTruck03']">
	<item group="groupFireTruckBW" count="1,2" loot_prob_template="medLow"/>
	<item name="modMeleeFiremansAxeMod" loot_prob_template="medLow"/>
</append>

<append xpath="/lootcontainers/lootgroup[@name='modMeleeT1']">
	<item name="modMeleeDiamondTip" loot_prob_template="low"/>
	<item name="modMeleeFiremansAxeMod" loot_prob_template="low"/>
</append>

<append xpath="/lootcontainers/lootgroup[@name='modMeleeT2']">
	<item name="modMeleeDiamondTip" loot_prob_template="med"/>
	<item name="modMeleeFiremansAxeMod" loot_prob_template="medLow"/>
</append>

<append xpath="/lootcontainers/lootgroup[@name='modMeleeT3']">
	<item name="modMeleeDiamondTip" loot_prob_template="medHigh"/>
	<item name="modMeleeFiremansAxeMod" loot_prob_template="medLow"/>
</append>

<append xpath="/lootcontainers/lootgroup[@name='groupToolsT0']">
	<item name="meleeToolRepairT0TazasStoneAxe" loot_prob_template="med"/>
</append>

<append xpath="/lootcontainers/lootgroup[@name='groupIngredientsUncommon']">
	<item name="foodEgg" count="1,2"  loot_prob_template="medHigh"/>
	<item name="foodRawMeat" count="1,4"  loot_prob_template="medHigh"/>
</append>

<append xpath="/lootcontainers/lootgroup[@name='groupIngredientsCommon']">
	<item name="foodEgg" count="1,2"  loot_prob_template="medLow"/>
	<item name="foodRawMeat" count="1,4"  loot_prob_template="medLow"/>
</append>

<append xpath="/lootcontainers/lootgroup[@name='groupDewCollectorLoot01']">
	<item name="toolDewFilter" count="1" loot_prob_template="medLow"/>
	<item name="toolDewGatherer" loot_prob_template="medLow"/>
	<item name="toolDewTarp" loot_prob_template="medLow"/>
</append>

<append xpath="/lootcontainers/lootgroup[@name='groupDewCollectorLoot02']">
	<item name="toolDewFilter" count="1" loot_prob_template="medLow"/>
	<item name="toolDewGatherer" loot_prob_template="medLow"/>
	<item name="toolDewTarp" loot_prob_template="medLow"/>
</append>

<append xpath="/lootcontainers/lootgroup[@name='groupDewCollectorLoot03']">
	<item name="toolDewFilter" count="1" loot_prob_template="medLow"/>
	<item name="toolDewGatherer" loot_prob_template="medLow"/>
	<item name="toolDewTarp" loot_prob_template="medLow"/>
</append>

<append xpath="/lootcontainers/lootgroup[@name='groupFarmTruck01']">
	<item group="seedsNoFlowers"/>
</append>

<append xpath="/lootcontainers/lootgroup[@name='groupFarmTruck02']">
	<item group="seeds"/>
	<item group="seedsNoFlowers"/>
</append>

<append xpath="/lootcontainers/lootgroup[@name='groupFarmTruck03']">
	<item group="seeds"/>
	<item group="seedsNoFlowers"/>
</append>

<append xpath="/lootcontainers/lootgroup[@name='groupFarmTruck04']">
	<item group="seeds"/>
	<item group="seedsNoFlowers"/>
</append>

<append xpath="/lootcontainers/lootgroup[@name='groupSodaFountain01']">
	<item name="drinkJarBoiledWater" loot_prob_template="medLow"/>
	<item name="drinkJarPureMineralWater" loot_prob_template="veryLow"/>
	<item name="drinkJarYuccaJuice" loot_prob_template="medLow"/>
	<item name="drinkJarGoldenRodTea" loot_prob_template="medLow"/>
	<item name="drinkJarRedTea" loot_prob_template="medLow"/>
	<item name="drinkYuccaJuiceSmoothie" loot_prob_template="veryLow"/>
</append>

<insertBefore xpath="/lootcontainers/lootgroup[1]">
<lootgroup name="groupFireTruckBW" count="1,8">
	<item name="bookFiremansAlmanacSpeed" count="1" loot_prob_template="med"/>
	<item name="bookFiremansAlmanacAxes" count="1" loot_prob_template="med"/>
	<item name="bookFiremansAlmanacEquipment" count="1" loot_prob_template="med"/>
	<item name="bookFiremansAlmanacPrevention" count="1" loot_prob_template="med"/>
	<item name="bookFiremansAlmanacHarvest" count="1" loot_prob_template="med"/>
	<item name="bookFiremansAlmanacHeat" count="1" loot_prob_template="med"/>
	<item name="bookFiremansAlmanacMolotov" count="1" loot_prob_template="med"/>
</lootgroup>
</insertBefore>

<!--<insertBefore xpath="/lootcontainers/lootgroup[1]">
<lootgroup name="lockpickz">
<item name="resourceLockPick" count="1"/>
</lootgroup>
</insertBefore>
-->

<append xpath="/lootcontainers/lootgroup[@name='groupJunk01']">
	<item name="resourceLockPick" count="1" loot_prob_template="veryLow"/>
	<item name="resourceSewingKit" count="1" loot_prob_template="veryLow"/>
	<item name="resourceCloth" count="1,5" loot_prob_template="veryLow"/>
</append>

<append xpath="/lootcontainers/lootgroup[@name='groupJunk02']">
	<item name="resourceLockPick" count="1" loot_prob_template="veryLow"/>
	<item name="resourceSewingKit" count="1" loot_prob_template="veryLow"/>
	<item name="resourceCloth" count="1,5" loot_prob_template="veryLow"/>
</append>

<append xpath="/lootcontainers/lootgroup[@name='groupJunk03']">
	<item name="resourceSewingKit" count="1" loot_prob_template="veryLow"/>
	<item name="resourceCloth" count="1,5" loot_prob_template="veryLow"/>
</append>

<append xpath="/lootcontainers/lootgroup[@name='groupJunkNoBMats01']">
	<item name="resourceLockPick" count="1" loot_prob_template="veryLow"/>
	<item name="resourceSewingKit" count="1" loot_prob_template="veryLow"/>
	<item name="resourceCloth" count="1,5" loot_prob_template="veryLow"/>
</append>

<append xpath="/lootcontainers/lootgroup[@name='groupJunkNoBMats02']">
	<item name="resourceLockPick" count="1" loot_prob_template="veryLow"/>
	<item name="resourceSewingKit" count="1" loot_prob_template="veryLow"/>
	<item name="resourceCloth" count="1,5" loot_prob_template="veryLow"/>
</append>

<append xpath="/lootcontainers/lootgroup[@name='groupJunkNoBMats03']">
	<item name="resourceSewingKit" count="1" loot_prob_template="veryLow"/>
	<item name="resourceCloth" count="1,5" loot_prob_template="veryLow"/>
</append>

<append xpath="/lootcontainers/lootgroup[@name='groupPurse01']">
	<item name="resourceLockPick" count="1" loot_prob_template="veryLow"/>
</append>

<append xpath="/lootcontainers/lootgroup[@name='groupLiquorSmall01']">
	<item name="drinkJarBeer" count="1" loot_prob_template="medLow"/>
	<item name="drinkJarGrandpasMoonshine" count="1" loot_prob_template="low"/>
	<item name="drinkJarGrandpasAwesomeSauce" count="1" loot_prob_template="low"/>
	<item name="drinkJarGrandpasLearningElixir" count="1" loot_prob_template="low"/>
	<item name="drinkJarBoiledWater" loot_prob_template="med"/>
	<item name="drinkJarPureMineralWater" loot_prob_template="med"/>
</append>

<append xpath="/lootcontainers/lootgroup[@name='groupLiquorMed01']">
	<item name="drinkJarGrandpasMoonshine" count="1" loot_prob_template="medLow"/>
	<item name="drinkJarGrandpasAwesomeSauce" count="1" loot_prob_template="medLow"/>
	<item name="drinkJarGrandpasLearningElixir" count="1" loot_prob_template="medLow"/>
	<item name="drinkJarPureMineralWater" loot_prob_template="low"/>
</append>

<append xpath="/lootcontainers/lootgroup[@name='groupLiquorLarge01']">
	<item name="drinkJarGrandpasMoonshine" count="1" loot_prob_template="med"/>
	<item name="drinkJarGrandpasAwesomeSauce" count="1" loot_prob_template="med"/>
	<item name="drinkJarGrandpasLearningElixir" count="1" loot_prob_template="med"/>
</append>

<append xpath="/lootcontainers/lootgroup[@name='groupChemistryStationLoot']">
	<item name="workstationSkillMagazine" loot_prob_template="guaranteed"/>
</append>

<append xpath="/lootcontainers/lootgroup[@name='groupWorkbenchLoot']">
	<item name="workstationSkillMagazine" loot_prob_template="guaranteed"/>
	<item name="resourceSewingKit" count="1,2" loot_prob_template="veryLow"/>
	<item name="resourceCloth" count="1,5" loot_prob_template="veryLow"/>
</append>

<append xpath="/lootcontainers/lootgroup[@name='groupChemistryStationLoot01']">
	<item name="toolBeaker" loot_prob_template="veryLow"/>
	<item name="resourceTestosteroneExtract" loot_prob_template="low"/>
</append>

<append xpath="/lootcontainers/lootgroup[@name='groupChemistryStationLoot02']">
	<item name="toolBeaker" loot_prob_template="veryLow"/>
	<item name="resourceTestosteroneExtract" loot_prob_template="low"/>
</append>

<append xpath="/lootcontainers/lootgroup[@name='groupChemistryStationLoot03']">
	<item name="toolBeaker" loot_prob_template="veryLow"/>
	<item name="resourceTestosteroneExtract" loot_prob_template="low"/>
</append>

<append xpath="/lootcontainers/lootgroup[@name='groupCoffeeMaker01']">
	<item name="drinkJarBlackStrapCoffee" loot_prob_template="low"/>
	<item name="drinkJarCoffee" loot_prob_template="low"/>
	<item name="drinkJarBoiledWater" loot_prob_template="medHigh"/>
</append>

<remove xpath="/lootcontainers/lootcontainer[@name='waterCooler']"></remove>
<insertAfter xpath="/lootcontainers/lootcontainer[@name='microwaveNOPOP']">
<lootcontainer name="waterCooler" count="1" size="6,2" sound_open="UseActions/open_cooler" sound_close="UseActions/close_cooler" loot_quality_template="qualBaseTemplate">
	<item name="drinkJarPureMineralWater" prob="0.25"/>
	<item name="drinkJarBoiledWater" prob="0.5"/>
	<item name="drinkJarRiverWater"  prob="0.8"/>
</lootcontainer>
</insertAfter>

<append xpath="/lootcontainers/lootgroup[@name='groupRefrigerator01']">
	<item group="groupIngredientsUncommon" loot_prob_template="medLow"/>
	<item group="groupIngredientsRare" loot_prob_template="low"/>
</append>

<append xpath="/lootcontainers/lootgroup[@name='groupRefrigerator02']">
	<item group="groupIngredientsUncommon" loot_prob_template="medLow"/>
	<item group="groupIngredientsRare" loot_prob_template="low"/>
</append>

<append xpath="/lootcontainers/lootgroup[@name='groupSinks01']">
	<item name="resourceAcid" loot_prob_template="low"/>
	<item name="resourceCloth" count="1,5" loot_prob_template="veryLow"/>
</append>

<append xpath="/lootcontainers/lootgroup[@name='groupSinks02']">
	<item name="resourceAcid" loot_prob_template="low"/>
	<item name="resourceCloth" count="1,5" loot_prob_template="veryLow"/>
</append>

<remove xpath="/lootcontainers/lootcontainer[@name='passngasCrate']"></remove>
<insertAfter xpath="/lootcontainers/lootcontainer[@name='crackabookCrate']">
<lootcontainer name="passngasCrate" count="1" size="6,4" sound_open="UseActions/open_cardboard" sound_close="UseActions/close_cardboard" loot_quality_template="qualBaseTemplate" ignore_loot_abundance="true">
	<item group="groupPassNGas"/>
	<item group="vehiclePartsTiered" loot_prob_template="veryLow" count="1,2"/>
	<item group="vehicleModSchematics" loot_prob_template="low" count="1"/>
	<item name="vehicleWheels" count="1" loot_prob_template="med"/>
</lootcontainer>
</insertAfter>

<append xpath="/lootcontainers/lootgroup[@name='groupFileCabinet01']">
<item group="skillMagazines" count="1,3" loot_prob_template="veryHigh"/>
<item group="perkBooks" loot_prob_template="high" count="1,2"/>
<item group="schematicsModsAndGeneralCommon" loot_prob_template="med" count="1"/>
<item group="schematicsModsAndGeneralRare" loot_prob_template="medLow" count="1,2"/>
<item group="vehicleModSchematics" loot_prob_template="low" count="1"/>
</append>

<append xpath="/lootcontainers/lootgroup[@name='groupFileCabinet02']">
<item group="perkBooks" loot_prob_template="high" count="1,2"/>
<item group="schematicsModsAndGeneralCommon" loot_prob_template="med" count="1"/>
<item group="schematicsModsAndGeneralRare" loot_prob_template="medLow" count="1,2"/>
<item group="vehicleModSchematics" loot_prob_template="low" count="1"/>
<item group="skillMagazines" count="1,3" loot_prob_template="veryHigh"/>
</append>	
	
<append xpath="/lootcontainers/lootgroup[@name='groupDesks01']">
<item group="perkBooks" loot_prob_template="high" count="1,2"/>
<item group="schematicsModsAndGeneralCommon" loot_prob_template="med" count="1"/>
<item group="schematicsModsAndGeneralRare" loot_prob_template="medLow" count="1,2"/>	
<item group="vehicleModSchematics" loot_prob_template="low" count="1"/>
<item group="skillMagazines" count="1,3" loot_prob_template="veryHigh"/>
<item name="resourceSewingKit" count="1,2" loot_prob_template="veryLow"/>
<item name="resourceCloth" count="1,5" loot_prob_template="veryLow"/>
</append>	
	
<append xpath="/lootcontainers/lootgroup[@name='groupDesks02']">
<item group="perkBooks" loot_prob_template="high" count="1,2"/>
<item group="schematicsModsAndGeneralCommon" loot_prob_template="med" count="1"/>
<item group="schematicsModsAndGeneralRare" loot_prob_template="medLow" count="1,2"/>
<item group="vehicleModSchematics" loot_prob_template="low" count="1"/>
<item group="skillMagazines" count="1,3" loot_prob_template="veryHigh"/>
<item name="resourceSewingKit" count="1,2" loot_prob_template="veryLow"/>
<item name="resourceCloth" count="1,5" loot_prob_template="veryLow"/>
</append>

<append xpath="/lootcontainers/lootgroup[@name='groupMailbox02']">
<item group="perkBooks" loot_prob_template="high" count="1,2"/>
<item group="schematicsModsAndGeneralCommon" loot_prob_template="med" count="1"/>
<item group="schematicsModsAndGeneralRare" loot_prob_template="medLow" count="1,2"/>
<item group="vehicleModSchematics" loot_prob_template="low" count="1"/>
<item group="skillMagazines" count="1,3" loot_prob_template="veryHigh"/>
</append>	

<append xpath="/lootcontainers/lootgroup[@name='groupBookPile01']">
<item group="perkBooks" loot_prob_template="high" count="1,2"/>
<item group="schematicsModsAndGeneralCommon" loot_prob_template="med" count="1"/>
<item group="schematicsModsAndGeneralRare" loot_prob_template="medLow" count="1,2"/>
<item group="vehicleModSchematics" loot_prob_template="low" count="1"/>
<item group="skillMagazines" count="1,3" loot_prob_template="veryHigh"/>
</append>	

<append xpath="/lootcontainers/lootgroup[@name='groupSingleBooks01']">
<item group="perkBooks" loot_prob_template="high" count="1,2"/>
<item group="schematicsModsAndGeneralCommon" loot_prob_template="med" count="1"/>
<item group="schematicsModsAndGeneralRare" loot_prob_template="medLow" count="1,2"/>
<item group="vehicleModSchematics" loot_prob_template="low" count="1"/>
<item group="skillMagazines" count="1,3" loot_prob_template="veryHigh"/>
</append>	

<append xpath="/lootcontainers/lootgroup[@name='groupCrackabookShelves01']">
<item group="perkBooks" loot_prob_template="high" count="1,2"/>
<item group="schematicsModsAndGeneralCommon" loot_prob_template="med" count="1"/>
<item group="schematicsModsAndGeneralRare" loot_prob_template="medLow" count="1,2"/>
<item group="vehicleModSchematics" loot_prob_template="low" count="1"/>
<item group="skillMagazines" count="1,3" loot_prob_template="veryHigh"/>
</append>	

<append xpath="/lootcontainers/lootgroup[@name='groupCrackabookCrate01']">
<item group="perkBooks" loot_prob_template="high" count="1,2"/>
<item group="schematicsModsAndGeneralCommon" loot_prob_template="med" count="1"/>
<item group="schematicsModsAndGeneralRare" loot_prob_template="medLow" count="1,2"/>
<item group="vehicleModSchematics" loot_prob_template="low" count="1"/>
<item group="skillMagazines" count="1,3" loot_prob_template="veryHigh"/>
</append>

<append xpath="/lootcontainers/lootgroup[@name='groupCrackabookShelves02']">
<item group="perkBooks" loot_prob_template="high" count="1,2"/>
<item group="schematicsModsAndGeneralCommon" loot_prob_template="med" count="1"/>
<item group="schematicsModsAndGeneralRare" loot_prob_template="medLow" count="1,2"/>
<item group="vehicleModSchematics" loot_prob_template="low" count="1"/>
<item group="skillMagazines" count="1,3" loot_prob_template="veryHigh"/>
</append>	

<append xpath="/lootcontainers/lootgroup[@name='groupCrackabookCrate02']">
<item group="perkBooks" loot_prob_template="high" count="1,2"/>
<item group="schematicsModsAndGeneralCommon" loot_prob_template="med" count="1"/>
<item group="schematicsModsAndGeneralRare" loot_prob_template="medLow" count="1,2"/>
<item group="vehicleModSchematics" loot_prob_template="low" count="1"/>
<item group="skillMagazines" count="1,3" loot_prob_template="veryHigh"/>
</append>

<append xpath="/lootcontainers/lootgroup[@name='groupCrackabookCrate03']">
<item group="perkBooks" loot_prob_template="high" count="1,2"/>
<item group="schematicsModsAndGeneralCommon" loot_prob_template="med" count="1"/>
<item group="schematicsModsAndGeneralRare" loot_prob_template="medLow" count="1,2"/>
<item group="vehicleModSchematics" loot_prob_template="low" count="1"/>
<item group="skillMagazines" count="1,3" loot_prob_template="veryHigh"/>
</append>

<append xpath="/lootcontainers/lootgroup[@name='groupBuriedTreasure']">
	<item group="rareOres" loot_prob_template="medLow"/>
	<item group="groupWeaponsT3_Ranged" loot_prob_template="low">
	<requirement class="Progression" name="perkTreasureHunter" operation="GTE" value="4"/>
	</item>
	<item group="groupWeaponsT2_Ranged" loot_prob_template="low"/>
	<item group="groupWeaponsT1_Ranged" loot_prob_template="medLow"/>
	<item group="groupWeaponModsT1" loot_prob_template="med"/>
	<item group="groupWeaponModsT2" loot_prob_template="medLow"/>
	<item group="groupWeaponModsT3" loot_prob_template="low"/>
	<item group="schematicsModsAndGeneralCommon" loot_prob_template="medLow"/>
	<item group="schematicsModsAndGeneralRare" loot_prob_template="med" count="2,4"/>
	<item group="schematicsVehiclesCommon" loot_prob_template="low"/>
	<item name="solarCell" count="1" loot_prob_template="low">
		<requirement class="Progression" name="perkTreasureHunter" operation="GTE" value="4"/>
	</item>
	<item group="groupToolsT1" loot_prob_template="medLow"/>
	<item group="groupToolsT2" loot_prob_template="low"/>
	<item group="groupToolsT3" loot_prob_template="low">
		<requirement class="Progression" name="perkTreasureHunter" operation="GTE" value="4"/>
	</item>
	<item group="groupWeaponsT2_Melee" loot_prob_template="low">
		<requirement class="Progression" name="perkTreasureHunter" operation="GTE" value="4"/>
	</item>
	<item group="groupWeaponsT1_Melee" loot_prob_template="medLow"/>
	<item group="bicycleParts"  loot_prob_template="low">
	<requirement class="Progression" name="perkTreasureHunter" operation="GTE" value="2"/>
	</item>
	<item group="minibikeParts"  loot_prob_template="low">
	<requirement class="Progression" name="perkTreasureHunter" operation="GTE" value="3"/>
	</item>
	<item group="motorcycleParts" loot_prob_template="low">
	<requirement class="Progression" name="perkTreasureHunter" operation="GTE" value="4"/>
	</item>
	<item group="vehicleMods" loot_prob_template="low"/>
	<item group="4x4Parts" loot_prob_template="low">
	<requirement class="Progression" name="perkTreasureHunter" operation="Equals" value="5"/>
	</item>
	<item group="gyroCopterParts" loot_prob_template="low">
	<requirement class="Progression" name="perkTreasureHunter" operation="Equals" value="5"/>
	</item>
	<item group="groupWeaponsT1_Demolitionist" loot_prob_template="med" count="1,2"/>
	<item group="groupWeaponsT2_Demolitionist" loot_prob_template="medLow" count="1,2"/>
	<item group="groupWeaponsT3_Demolitionist" loot_prob_template="low" count="1,2">
		<requirement class="Progression" name="perkTreasureHunter" operation="GTE" value="4"/>
	</item>
	<item group="groupWeapons_Demolitionist" loot_prob_template="veryLow" count="1,2"/>
	<item group="groupWeapons_DemolitionistTPlus" loot_prob_template="veryLow" count="1,2"/>
	<item name="resourceLegendaryParts" count="1" loot_prob_template="veryLow"/>
	<item group="perkBooks" loot_prob_template="med" count="1,2"/>
	<item group="groupToolsT1" loot_prob_template="medLow"/>
	<item group="groupToolsT2" loot_prob_template="low"/>
	<item group="groupToolsT3" loot_prob_template="veryLow"/>
		<item name="oldCash" count="100,300">
		<requirement class="Progression" name="perkTreasureHunter" operation="GTE" value="4"/>
	</item>
	<item name="casinoCoin" count="100,1000">
		<requirement class="Progression" name="perkTreasureHunter" operation="GTE" value="4"/>
	</item>
	<item group="groupTreasureHunter5" count="1">
		<requirement class="Progression" name="perkTreasureHunter" operation="Equals" value="5"/>
	</item>
</append>

<append xpath="/lootcontainers/lootgroup[@name='groupFootlocker01']">
<item group="groupTreasureMaps" loot_prob_template="veryLow"/>
<item group="perkBooks" loot_prob_template="low" count="1,2"/>
<item group="schematicsModsAndGeneralCommon" loot_prob_template="med" count="1"/>
<item group="schematicsModsAndGeneralRare" loot_prob_template="medLow" count="1,2"/>
<item group="vehicleModSchematics" loot_prob_template="low" count="1"/>
</append>

<append xpath="/lootcontainers/lootgroup[@name='groupFootlocker02']">
<item group="perkBooks" loot_prob_template="low" count="1,2"/>
<item group="schematicsModsAndGeneralCommon" loot_prob_template="med" count="1"/>
<item group="schematicsModsAndGeneralRare" loot_prob_template="medLow" count="1,2"/>
<item group="vehicleModSchematics" loot_prob_template="low" count="1"/>
<item group="skillMagazines" count="1,3" loot_prob_template="veryHigh"/>
<item group="groupTreasureMaps" loot_prob_template="veryLow"/>
</append>

<append xpath="/lootcontainers/lootgroup[@name='groupCars01']">
<item group="perkBooks" loot_prob_template="veryLow" count="1"/>
<item group="schematicsModsAndGeneralCommon" count="1" loot_prob_template="veryLow"/>
<item group="schematicsModsAndGeneralRare" count="1" loot_prob_template="veryLow"/>
<item group="vehicleModSchematics" count="1" loot_prob_template="veryLow"/>
<item group="skillMagazines" count="1" loot_prob_template="veryLow"/>
<item name="vehicleWheels" count="1" loot_prob_template="veryLow"/>
<item name="resourceCloth" count="1" loot_prob_template="veryLow"/>
</append>

<append xpath="/lootcontainers/lootgroup[@name='groupCars02']">
<item group="perkBooks" loot_prob_template="veryLow" count="1"/>
<item group="schematicsModsAndGeneralCommon" count="1" loot_prob_template="veryLow"/>
<item group="schematicsModsAndGeneralRare" count="1" loot_prob_template="veryLow"/>
<item group="vehicleModSchematics" count="1" loot_prob_template="veryLow"/>
<item name="vehicleWheels" count="1" loot_prob_template="veryLow"/>
<item name="resourceCloth" count="1" loot_prob_template="veryLow"/>
</append>

<append xpath="/lootcontainers/lootgroup[@name='groupCars03']">
<item group="perkBooks" loot_prob_template="veryLow" count="1"/>
<item group="schematicsModsAndGeneralCommon" count="1" loot_prob_template="veryLow"/>
<item group="schematicsModsAndGeneralRare" count="1" loot_prob_template="veryLow"/>
<item group="vehicleModSchematics" count="1" loot_prob_template="veryLow"/>
<item name="vehicleWheels" count="1" loot_prob_template="veryLow"/>
<item name="resourceCloth" count="1" loot_prob_template="veryLow"/>
</append>

<append xpath="/lootcontainers/lootgroup[@name='groupPoliceCar01']">
<item group="groupWeaponsAllScaled" loot_prob_template="low"/>
<item group="perkBooks" loot_prob_template="high" count="1"/>
<item group="schematicsModsAndGeneralCommon" loot_prob_template="med" count="1"/>
<item group="schematicsModsAndGeneralRare" loot_prob_template="medLow" count="1"/>
<item group="vehicleModSchematics" loot_prob_template="low" count="1"/>
<item group="skillMagazines" count="1,3" loot_prob_template="med"/>
</append>

<append xpath="/lootcontainers/lootgroup[@name='groupPoliceCar02']">
<item group="groupWeaponsAllScaled" loot_prob_template="low"/>
<item group="perkBooks" loot_prob_template="high" count="1"/>
<item group="schematicsModsAndGeneralCommon" loot_prob_template="med" count="1"/>
<item group="schematicsModsAndGeneralRare" loot_prob_template="medLow" count="1"/>
<item group="vehicleModSchematics" loot_prob_template="low" count="1"/>
<item group="skillMagazines" count="1,3" loot_prob_template="med"/>
</append>

<append xpath="/lootcontainers/lootgroup[@name='groupPoliceCar03']">
<item group="perkBooks" loot_prob_template="high" count="1"/>
<item group="schematicsModsAndGeneralCommon" loot_prob_template="med" count="1"/>
<item group="schematicsModsAndGeneralRare" loot_prob_template="medLow" count="1"/>
<item group="vehicleModSchematics" loot_prob_template="low" count="1"/>
<item group="skillMagazines" count="1,3" loot_prob_template="med"/>
</append>

<append xpath="/lootcontainers/lootgroup[@name='groupPoliceCar04']">
<item group="groupWeaponsAllScaled" loot_prob_template="low"/>
<item group="perkBooks" loot_prob_template="high" count="1"/>
<item group="schematicsModsAndGeneralCommon" loot_prob_template="med" count="1"/>
<item group="schematicsModsAndGeneralRare" loot_prob_template="medLow" count="1"/>
<item group="vehicleModSchematics" loot_prob_template="low" count="1"/>
<item group="skillMagazines" count="1,3" loot_prob_template="med"/>
</append>

<append xpath="/lootcontainers/lootgroup[@name='groupPoliceCarBonus01']">
<item group="groupWeaponsAllScaled" loot_prob_template="low"/>
<item group="perkBooks" loot_prob_template="high" count="1"/>
<item group="schematicsModsAndGeneralCommon" loot_prob_template="med" count="1"/>
<item group="schematicsModsAndGeneralRare" loot_prob_template="medLow" count="1"/>
<item group="vehicleModSchematics" loot_prob_template="low" count="1"/>
<item group="skillMagazines" count="1,3" loot_prob_template="med"/>
</append>

<append xpath="/lootcontainers/lootgroup[@name='groupPoliceCarBonus02']">
<item group="groupWeaponsAllScaled" loot_prob_template="low"/>
<item group="perkBooks" loot_prob_template="high" count="1"/>
<item group="schematicsModsAndGeneralCommon" loot_prob_template="med" count="1"/>
<item group="schematicsModsAndGeneralRare" loot_prob_template="medLow" count="1"/>
<item group="vehicleModSchematics" loot_prob_template="low" count="1"/>
<item group="skillMagazines" count="1,3" loot_prob_template="med"/>
</append>

<append xpath="/lootcontainers/lootgroup[@name='groupPoliceCarBonus03']">
<item group="groupWeaponsAllScaled" loot_prob_template="low"/>
<item group="perkBooks" loot_prob_template="high" count="1"/>
<item group="schematicsModsAndGeneralCommon" loot_prob_template="med" count="1"/>
<item group="schematicsModsAndGeneralRare" loot_prob_template="medLow" count="1"/>
<item group="vehicleModSchematics" loot_prob_template="low" count="1"/>
<item group="skillMagazines" count="1,3" loot_prob_template="med"/>
</append>

<append xpath="/lootcontainers/lootgroup[@name='groupPoliceCarBonus04']">
<item group="groupWeaponsAllScaled" loot_prob_template="low"/>
<item group="perkBooks" loot_prob_template="high" count="1"/>
<item group="schematicsModsAndGeneralCommon" loot_prob_template="med" count="1"/>
<item group="schematicsModsAndGeneralRare" loot_prob_template="medLow" count="1"/>
<item group="vehicleModSchematics" loot_prob_template="low" count="1"/>
<item group="skillMagazines" count="1,3" loot_prob_template="med"/>
</append>

<append xpath="/lootcontainers/lootgroup[@name='groupBookcase01']">
<item group="perkBooks" loot_prob_template="high" count="1,2"/>
<item group="schematicsModsAndGeneralCommon" loot_prob_template="med" count="1"/>
<item group="schematicsModsAndGeneralRare" loot_prob_template="medLow" count="1,2"/>
<item group="vehicleModSchematics" loot_prob_template="low" count="1"/>
<item group="skillMagazines" count="1,3" loot_prob_template="veryHigh"/>
</append>

<append xpath="/lootcontainers/lootgroup[@name='groupBookcase02']">
<item group="perkBooks" loot_prob_template="high" count="1,2"/>
<item group="schematicsModsAndGeneralCommon" loot_prob_template="med" count="1"/>
<item group="schematicsModsAndGeneralRare" loot_prob_template="medLow" count="1,2"/>
<item group="vehicleModSchematics" loot_prob_template="low" count="1"/>
<item group="skillMagazines" count="1,3" loot_prob_template="veryHigh"/>
</append>

<append xpath="/lootcontainers/lootgroup[@name='groupMailbox01']">
<item group="perkBooks" loot_prob_template="high" count="1"/>
<item group="schematicsModsAndGeneralCommon" loot_prob_template="med" count="1"/>
<item group="schematicsModsAndGeneralRare" loot_prob_template="medLow" count="1"/>
<item group="vehicleModSchematics" loot_prob_template="low" count="1"/>
<item group="skillMagazines" count="1,3" loot_prob_template="veryHigh"/>
</append>

<append xpath="/lootcontainers/lootgroup[@name='groupBackpacks01']">
<item group="perkBooks" loot_prob_template="veryLow" count="1"/>
<item group="schematicsModsAndGeneralCommon" loot_prob_template="veryLow" count="1"/>
<item group="schematicsModsAndGeneralRare" loot_prob_template="veryLow" count="1"/>
<item group="vehicleModSchematics" loot_prob_template="veryLow" count="1"/>
<item group="skillMagazines" count="1,3" loot_prob_template="veryLow"/>
<item name="resourceCloth" count="1,5" loot_prob_template="veryLow"/>
</append>

<append xpath="/lootcontainers/lootgroup[@name='groupBackpacks02']">
<item group="perkBooks" loot_prob_template="veryLow" count="1"/>
<item group="schematicsModsAndGeneralCommon" loot_prob_template="veryLow" count="1"/>
<item group="schematicsModsAndGeneralRare" loot_prob_template="veryLow" count="1"/>
<item group="vehicleModSchematics" loot_prob_template="veryLow" count="1"/>
<item group="skillMagazines" count="1,3" loot_prob_template="veryLow"/>
<item name="resourceCloth" count="1,5" loot_prob_template="veryLow"/>
</append>

<remove xpath="/lootcontainers/lootgroup[@name='groupSmallSafeLoot01']"/>
<remove xpath="/lootcontainers/lootgroup[@name='groupSmallSafeLoot02']"/>
<remove xpath="/lootcontainers/lootgroup[@name='groupSmallSafeLoot03']"/>
<remove xpath="/lootcontainers/lootgroup[@name='groupGunSafeSecure']"/>

<insertAfter xpath="/lootcontainers/lootgroup[@name='groupBuriedTreasure']">
<lootgroup name="groupSmallSafeLoot01" count="1,23">
	<item group="groupAmmoSmall" loot_prob_template="high"/>
	<item group="groupAmmoMedium" loot_prob_template="med"/>
	<item group="groupAmmoLarge" loot_prob_template="low"/>
	<item group="groupModAllScaled" loot_prob_template="med"/>
	<item group="groupSchematicsAll" loot_prob_template="low"/>
	<item group="groupSafeBooks" loot_prob_template="medLow"/>
	<item group="weaponSkillMagazinesOnly" loot_prob_template="med"/>
	<item name="oldCash" count="10,300" loot_prob_template="medLow"/>
	<item group="rareOres" loot_prob_template="medLow"/>
	<item group="groupWeaponModsT1" loot_prob_template="med"/>
	<item group="groupWeaponModsT2" loot_prob_template="medLow"/>
	<item group="groupWeaponModsT3" loot_prob_template="low"/>
	<item group="schematicsModsAndGeneralCommon" loot_prob_template="medLow"/>
	<item group="schematicsVehiclesCommon" loot_prob_template="low"/>
	<item name="casinoCoin" count="100,1000" loot_prob_template="medHigh"/>
	<item group="groupWeaponsT1_Demolitionist" loot_prob_template="med" count="1,2"/>
	<item group="groupWeaponsT2_Demolitionist" loot_prob_template="medLow" count="1,2"/>
	<item name="resourceLegendaryParts" count="1" loot_prob_template="veryLow"/>
	<item group="groupWeaponsT1_Gunslinger" loot_prob_template="medLow"/>
    <item group="groupWeaponsT2_Gunslinger" loot_prob_template="low"/>
    <item group="groupWeaponsT3_Gunslinger01" loot_prob_template="veryLow">
	<requirement class="Progression" name="perkTreasureHunter" operation="GTE" value="4"/>
	</item>
    <item group="groupWeaponsT3_Gunslinger02" loot_prob_template="veryLow">
	<requirement class="Progression" name="perkTreasureHunter" operation="GTE" value="4"/>
	</item>
	<item group="groupTreasureMaps" loot_prob_template="medLow"/>
	<item group="groupSafeBooksAndMagazines" count="1" buffs="buffPerkBookwormSuccess">
	<requirement class="RandomRoll" seed_type="Random" min_max="0,100" operation="LTE" value="@$perkBookwormChance"/>
	</item>
</lootgroup>
</insertAfter>

<insertAfter xpath="/lootcontainers/lootgroup[@name='groupSmallSafeLoot01']">
<lootgroup name="groupSmallSafeLoot02" count="1,23">
	<item group="groupAmmoSmall" loot_prob_template="high"/>
	<item group="groupAmmoMedium" loot_prob_template="med"/>
	<item group="groupAmmoLarge" loot_prob_template="low"/>
	<item group="groupModAllScaled" loot_prob_template="med"/>
	<item group="groupSchematicsAll" loot_prob_template="low"/>
	<item group="groupSafeBooks" loot_prob_template="medLow"/>
	<item group="weaponSkillMagazinesOnly" loot_prob_template="med"/>
	<item name="oldCash" count="10,300" loot_prob_template="medLow"/>
	<item group="rareOres" loot_prob_template="medLow"/>
	<item group="groupWeaponModsT1" loot_prob_template="med"/>
	<item group="groupWeaponModsT2" loot_prob_template="medLow"/>
	<item group="groupWeaponModsT3" loot_prob_template="low"/>

	<item group="schematicsModsAndGeneralCommon" loot_prob_template="medLow"/>
	<item group="schematicsVehiclesCommon" loot_prob_template="low"/>
	<item name="casinoCoin" count="100,1000" loot_prob_template="medHigh"/>
	<item group="groupWeaponsT1_Demolitionist" loot_prob_template="med" count="1,2"/>
	<item group="groupWeaponsT2_Demolitionist" loot_prob_template="medLow" count="1,2"/>
	<item name="resourceLegendaryParts" count="1" loot_prob_template="veryLow"/>
	<item group="groupWeaponsT1_Gunslinger" loot_prob_template="medLow"/>
    <item group="groupWeaponsT2_Gunslinger" loot_prob_template="low"/>
    <item group="groupWeaponsT3_Gunslinger01" loot_prob_template="veryLow">
	<requirement class="Progression" name="perkTreasureHunter" operation="GTE" value="4"/>
	</item>
    <item group="groupWeaponsT3_Gunslinger02" loot_prob_template="veryLow">
	<requirement class="Progression" name="perkTreasureHunter" operation="GTE" value="4"/>
	</item>
	<item group="groupTreasureMaps" loot_prob_template="medLow"/>
	<item group="groupSafeBooksAndMagazines" count="1" buffs="buffPerkBookwormSuccess">
	<requirement class="RandomRoll" seed_type="Random" min_max="0,100" operation="LTE" value="@$perkBookwormChance"/>
	</item>
</lootgroup>
</insertAfter>

<insertAfter xpath="/lootcontainers/lootgroup[@name='groupSmallSafeLoot02']">
<lootgroup name="groupSmallSafeLoot03" count="1,23">
	<item group="groupAmmoSmall" loot_prob_template="high"/>
	<item group="groupAmmoMedium" loot_prob_template="med"/>
	<item group="groupAmmoLarge" loot_prob_template="low"/>
	<item group="groupModAllScaled" loot_prob_template="med"/>
	<item group="groupSchematicsAll" loot_prob_template="low"/>
	<item group="groupSafeBooks" loot_prob_template="medLow"/>
	<item group="weaponSkillMagazinesOnly" loot_prob_template="med"/>
	<item name="oldCash" count="10,300" loot_prob_template="medLow"/>
	<item group="rareOres" loot_prob_template="medLow"/>
	<item group="groupWeaponModsT1" loot_prob_template="med"/>
	<item group="groupWeaponModsT2" loot_prob_template="medLow"/>
	<item group="groupWeaponModsT3" loot_prob_template="low"/>
	<item group="schematicsModsAndGeneralCommon" loot_prob_template="medLow"/>
	<item group="schematicsVehiclesCommon" loot_prob_template="low"/>
	<item name="casinoCoin" count="100,1000" loot_prob_template="medHigh"/>
	<item group="groupWeaponsT1_Demolitionist" loot_prob_template="med" count="1,2"/>
	<item group="groupWeaponsT2_Demolitionist" loot_prob_template="medLow" count="1,2"/>
	<item name="resourceLegendaryParts" count="1" loot_prob_template="veryLow"/>
	<item group="groupWeaponsT1_Gunslinger" loot_prob_template="medLow"/>
    <item group="groupWeaponsT2_Gunslinger" loot_prob_template="low"/>
    <item group="groupWeaponsT3_Gunslinger01" loot_prob_template="veryLow">
	<requirement class="Progression" name="perkTreasureHunter" operation="GTE" value="4"/>
	</item>
    <item group="groupWeaponsT3_Gunslinger02" loot_prob_template="veryLow">
	<requirement class="Progression" name="perkTreasureHunter" operation="GTE" value="4"/>
	</item>
	<item group="groupTreasureMaps" loot_prob_template="medLow"/>
	<item group="groupSafeBooksAndMagazines" count="1" buffs="buffPerkBookwormSuccess">
	<requirement class="RandomRoll" seed_type="Random" min_max="0,100" operation="LTE" value="@$perkBookwormChance"/>
	</item>
</lootgroup>
</insertAfter>

<insertAfter xpath="/lootcontainers/lootgroup[@name='groupSafeBooksAndMagazines']">
	<lootgroup name="groupGunSafeSecure" count="1,34">
	<item group="groupAmmoSmall" loot_prob_template="high"/>
	<item group="groupAmmoMedium" loot_prob_template="med"/>
	<item group="groupAmmoLarge" loot_prob_template="low"/>
	<item name="oldCash" count="10,300" loot_prob_template="medLow"/>
	<item group="rareOres" loot_prob_template="medLow"/>
	<item group="groupWeaponsT3_Ranged" loot_prob_template="veryLow">
		<requirement class="Progression" name="perkTreasureHunter" operation="GTE" value="4"/>
	</item>
	<item group="groupWeaponsT2_Ranged" loot_prob_template="low"/>
	<item group="groupWeaponsT1_Ranged" loot_prob_template="medLow"/>
	<item group="groupWeaponModsT1" loot_prob_template="med"/>
	<item group="groupWeaponModsT2" loot_prob_template="medLow"/>
	<item group="groupWeaponModsT3" loot_prob_template="low"/>
	<item group="groupTreasureMaps" loot_prob_template="med"/>
	<item group="schematicsModsAndGeneralCommon" loot_prob_template="medLow"/>
	<item group="schematicsVehiclesCommon" loot_prob_template="low"/>
	<item name="casinoCoin" count="100,1000" loot_prob_template="medHigh"/>
	<item name="solarCell" count="1" loot_prob_template="veryLow"/>
	<item group="groupToolsT1" loot_prob_template="medLow"/>
	<item group="groupToolsT2" loot_prob_template="low"/>
	<item group="groupToolsT3" loot_prob_template="veryLow">
		<requirement class="Progression" name="perkTreasureHunter" operation="GTE" value="4"/>
	</item>
	<item group="groupWeaponsT2_Melee" loot_prob_template="veryLow">
		<requirement class="Progression" name="perkTreasureHunter" operation="GTE" value="4"/>
	</item>
	<item group="groupWeaponsT1_Melee" loot_prob_template="medLow"/>
	<item group="groupWeaponsT1_Demolitionist" loot_prob_template="med" count="1,2"/>
	<item group="groupWeaponsT2_Demolitionist" loot_prob_template="medLow" count="1,2"/>
	<item group="groupWeaponsT3_Demolitionist" loot_prob_template="low" count="1,2">
		<requirement class="Progression" name="perkTreasureHunter" operation="GTE" value="4"/>
	</item>
	<item group="groupWeapons_Demolitionist" loot_prob_template="veryLow" count="1,2"/>
	<item group="groupWeapons_DemolitionistTPlus" loot_prob_template="veryLow" count="1,2"/>
	<item name="resourceLegendaryParts" count="1" loot_prob_template="veryLow"/>
	<item group="groupWeaponsMedMedHigh" count="1"/>
	<item group="groupWeaponsMedMedMed" loot_prob_template="high" force_prob="true"/>
	<item group="groupWeaponsMedMedMed" loot_prob_template="med" force_prob="true"/>
	<item group="groupMedAmmoHighMed" loot_prob_template="high" force_prob="true"/>
	<item group="groupSafeBooks" loot_prob_template="medLow" force_prob="true"/>
	<item group="weaponSkillMagazinesOnly" loot_prob_template="med" force_prob="true"/>
	<item group="groupSafeBooksAndMagazines" count="1" buffs="buffPerkBookwormSuccess">
		<requirement class="RandomRoll" seed_type="Random" min_max="0,100" operation="LTE" value="@$perkBookwormChance"/>
	</item>
	</lootgroup>
</insertAfter>

<append xpath="/lootcontainers/lootgroup[@name='groupZpackReg01']">
<item group="groupMedicalRare" loot_prob_template="veryow"/>
</append>

<append xpath="/lootcontainers/lootgroup[@name='groupZpackReg02']">
<item group="groupMedicalUncommon" loot_prob_template="med"/>
<item group="groupMedicalRare" loot_prob_template="veryow"/>
</append>

<append xpath="/lootcontainers/lootgroup[@name='groupZpackReg03']">
<item group="groupMedicalUncommon" loot_prob_template="med"/>
<item group="groupMedicalRare" loot_prob_template="veryow"/>
</append>

<append xpath="/lootcontainers/lootgroup[@name='groupZpackStrong01']">
<item group="groupMedicalUncommon" loot_prob_template="high"/>
<item group="groupMedicalRare" loot_prob_template="medLow"/>
<item group="groupTreasureMaps" loot_prob_template="veryLow"/>
<item name="resourceLegendaryParts" count="1" loot_prob_template="veryLow"/>
</append>

<append xpath="/lootcontainers/lootgroup[@name='groupZpackStrong02']">
<item group="groupMedicalUncommon" loot_prob_template="high"/>
<item group="groupMedicalRare" loot_prob_template="medLow"/>
<item group="groupTreasureMaps" loot_prob_template="veryLow"/>
<item name="resourceLegendaryParts" count="1" loot_prob_template="veryLow"/>
</append>

<append xpath="/lootcontainers/lootgroup[@name='groupZpackStrong03']">
<item group="groupMedicalUncommon" loot_prob_template="high"/>
<item group="groupMedicalRare" loot_prob_template="medLow"/>
<item group="groupTreasureMaps" loot_prob_template="veryLow"/>
<item name="resourceLegendaryParts" count="1" loot_prob_template="veryLow"/>
</append>

<append xpath="/lootcontainers/lootgroup[@name='groupZpackBoss01']">
<item group="groupMedicalRare" loot_prob_template="high"/>
<item group="groupMedicalUncommon" loot_prob_template="high"/>
<item group="groupTreasureMaps" loot_prob_template="low"/>
<item name="resourceLegendaryParts" count="1" loot_prob_template="low"/>
</append>

<append xpath="/lootcontainers/lootgroup[@name='groupZpackBoss02']">
<item group="groupMedicalRare" loot_prob_template="high"/>
<item group="groupMedicalUncommon" loot_prob_template="high"/>
<item group="groupTreasureMaps" loot_prob_template="low"/>
<item name="resourceLegendaryParts" count="1" loot_prob_template="low"/>
</append>

<append xpath="/lootcontainers/lootgroup[@name='groupZpackBoss03']">
<item group="groupMedicalRare" loot_prob_template="high"/>
<item group="groupMedicalUncommon" loot_prob_template="high"/>
<item group="groupTreasureMaps" loot_prob_template="low"/>
</append>

<remove xpath="/lootcontainers/lootcontainer[@name='atmLoot']"/>
<insertAfter xpath="/lootcontainers/lootcontainer[@name='roboticTurret']">
<lootcontainer name="atmLoot" count="2" size="6,1" sound_open="UseActions/open_safe" sound_close="UseActions/close_safe" open_time="1" loot_quality_template="qualPlus1Template" ignore_loot_abundance="true">
<item name="casinoCoin" count="150,400"/>
<item name="oldCash" count="300,800"/>
</lootcontainer>
</insertAfter>

<remove xpath="/lootcontainers/lootcontainer[@name='gasBarrel']"/>
<insertAfter xpath="/lootcontainers/lootcontainer[@name='sodaFountain']">
<lootcontainer name="gasBarrel" count="2" size="6,3" sound_open="UseActions/open_trashcan" sound_close="UseActions/close_trashcan" loot_quality_template="qualBaseTemplate">
<item name="ammoGasCan" count="50,250"/>
<item name="resourceOil" count="1,2"/>
</lootcontainer>
</insertAfter>

<remove xpath="/lootcontainers/lootcontainer[@name='gasPump']"/>
<insertAfter xpath="/lootcontainers/lootcontainer[@name='traderNPC']">
<lootcontainer name="gasPump" count="1,1" size="8,4" sound_open="UseActions/open_chest" sound_close="UseActions/close_chest" loot_quality_template="qualBaseTemplate">
	<item name="ammoGasCan" count="100,500"/>
</lootcontainer>
</insertAfter>

<append xpath="/lootcontainers/lootgroup[@name='groupCupboard01']">
<item group="groupDrinksUncommon" loot_prob_template="low"/>
<item group="cannedfood" loot_prob_template="medLow"/>
<item group="groupDrinksRare" loot_prob_template="veryLow"/>
</append>

<append xpath="/lootcontainers/lootgroup[@name='groupCupboard02']">
<item group="groupDrinksUncommon" loot_prob_template="low"/>
<item group="cannedfood" loot_prob_template="medLow"/>
<item group="groupDrinksRare" loot_prob_template="veryLow"/>
</append>

<!--TEST
<insertAfter xpath="/lootcontainers/lootgroup[@name='groupGunSafeSecure']">
 <lootgroup name="groupGunSafeSecureCLONE" count="1,10">
    <item group="groupModAllScaled" loot_prob_template="med"/>
    <item group="groupSchematicsAll" loot_prob_template="low"/>
    <item name="oldCash" count="10,300" loot_prob_template="medLow"/>
    <item group="rareOres" loot_prob_template="medLow"/>
    <item group="groupWeaponsT3_Ranged" loot_prob_template="veryLow"/>
    <item group="groupWeaponsT2_Ranged" loot_prob_template="low"/>
    <item group="groupWeaponsT1_Ranged" loot_prob_template="medLow"/>
    <item group="groupWeaponModsT1" loot_prob_template="med"/>
    <item group="groupWeaponModsT2" loot_prob_template="medLow"/>
    <item group="groupWeaponModsT3" loot_prob_template="low"/>
    <item group="groupTreasureMaps" loot_prob_template="medLow"/>
    <item group="schematicsModsAndGeneralCommon" loot_prob_template="medLow"/>
    <item group="schematicsVehiclesCommon" loot_prob_template="low"/>
    <item name="casinoCoin" count="100,1000" loot_prob_template="medHigh"/>
    <item name="solarCell" count="1" loot_prob_template="veryLow"/>
    <item group="groupToolsT1" loot_prob_template="medLow"/>
    <item group="groupToolsT2" loot_prob_template="low"/>
    <item group="groupToolsT3" loot_prob_template="veryLow"/>
    <item group="groupWeaponsT2_Melee" loot_prob_template="veryLow"/>
    <item group="groupWeaponsT1_Melee" loot_prob_template="medLow"/>
    <item group="groupWeaponsT1_Demolitionist" loot_prob_template="med" count="1,2"/>
    <item group="groupWeaponsT2_Demolitionist" loot_prob_template="medLow" count="1,2"/>
    <item group="groupWeaponsT3_Demolitionist" loot_prob_template="low" count="1,2"/>
    <item group="groupWeapons_Demolitionist" loot_prob_template="veryLow" count="1,2"/>
    <item group="groupWeapons_DemolitionistTPlus" loot_prob_template="veryLow" count="1,2"/>
    <item name="resourceLegendaryParts" count="1" loot_prob_template="veryLow"/>
    </lootgroup>
</insertAfter>
TEST2
<insertAfter xpath="/lootcontainers/lootgroup[@name='groupSmallSafeLoot01']">
<lootgroup name="groupSmallSafeLoot01CLONE" count="1,5">
    <item group="groupModAllScaled" loot_prob_template="med"/>
    <item group="groupSchematicsAll" loot_prob_template="low"/>
    <item group="groupSafeBooks" loot_prob_template="medLow"/>
    <item group="weaponSkillMagazinesOnly" loot_prob_template="med"/>
    <item name="oldCash" count="10,300" loot_prob_template="medLow"/>
    <item group="rareOres" loot_prob_template="medLow"/>
    <item group="groupWeaponsT1_Gunslinger" loot_prob_template="medLow"/>
    <item group="groupWeaponsT2_Gunslinger" loot_prob_template="low"/>
    <item group="groupWeaponsT3_Gunslinger01" loot_prob_template="veryLow"/>
    <item group="groupWeaponsT3_Gunslinger02" loot_prob_template="veryLow"/>
    <item group="groupWeaponModsT1" loot_prob_template="med"/>
    <item group="groupWeaponModsT2" loot_prob_template="medLow"/>
    <item group="groupWeaponModsT3" loot_prob_template="low"/>
    <item group="groupTreasureMaps" loot_prob_template="medLow"/>
    <item group="schematicsModsAndGeneralCommon" loot_prob_template="medLow"/>
    <item group="schematicsVehiclesCommon" loot_prob_template="low"/>
    <item name="casinoCoin" count="100,1000" loot_prob_template="medHigh"/>/>
    <item group="groupWeaponsT1_Demolitionist" loot_prob_template="med" count="1,2"/>
    <item group="groupWeaponsT2_Demolitionist" loot_prob_template="medLow" count="1,2"/>
    <item name="resourceLegendaryParts" count="1" loot_prob_template="veryLow"/>
</lootgroup>
</insertAfter>-->
</config>
