<configs>
	<append xpath="/entity_classes">
		<entity_class name="vehicleMD500">
			<property name="Tags" value="vehicle,usesGas"/>
			<property name="Class" value="EntityVGyroCopter"/>
			<property name="Parent" value="Cars"/>
			<property name="Prefab" value="#@modfolder:Resources/MD500.unity3d?MD500heli.prefab"/>
			<property name="ModelType" value="Standard"/>
			<property name="SurfaceCategory" value="metal"/>
			<property name="IgnoreTrigger" value="true"/>
			<property name="LootListAlive" value="vehicleGyrocopter"/>
			<property name="IsEnemyEntity" value="false"/>
			<property name="Explosion.ParticleIndex" value="32"/>
			<property name="Explosion.RadiusBlocks" value="3"/>
			<property name="Explosion.RadiusEntities" value="3"/>
			<property name="Explosion.BlockDamage" value="30"/>
			<property name="Explosion.EntityDamage" value="30"/>
			<property name="RotateToGround" value="true"/>
			<property name="Faction" value="none"/>
			<property name="MapIcon" value="MD500UIicon"/>
			<property name="NavObject" value="MD500"/>
		</entity_class>
	</append>
</configs>