<configs>
	<append xpath="/Sounds">

		<SoundDataNode name="MD500_start"> <AudioSource name="@:Sounds/Prefabs/AudioSource_Vehicle.prefab"/>
			<Noise ID="2" noise="11" time="3" muffled_when_crouched="0.5"/>
			<AudioClip ClipName="#@modfolder:Resources/MD500sounds.unity3d?heli_start"/>
			<LocalCrouchVolumeScale value="1.0"/> <CrouchNoiseScale value="0.5"/> <NoiseScale value="1"/> <MaxVoices value="10"/> <MaxRepeatRate value="0.01"/> </SoundDataNode>

		<SoundDataNode name="MD500_stop"> <AudioSource name="@:Sounds/Prefabs/AudioSource_Vehicle.prefab"/>
			<Noise ID="2" noise="11" time="3" muffled_when_crouched="0.5"/>
			<AudioClip ClipName="#@modfolder:Resources/MD500sounds.unity3d?heli_stop"/>
			<LocalCrouchVolumeScale value="1.0"/> <CrouchNoiseScale value="0.5"/> <NoiseScale value="1"/> <MaxVoices value="10"/> <MaxRepeatRate value="0.01"/> </SoundDataNode>

		<SoundDataNode name="MD500_flying"> <AudioSource name="@:Sounds/Prefabs/AudioSource_Vehicle.prefab"/>
			<AudioClip ClipName="#@modfolder:Resources/MD500sounds.unity3d?heli_flying" Loop="true"/>
			<LocalCrouchVolumeScale value="1.0"/> <CrouchNoiseScale value="0.5"/> <NoiseScale value="1"/> <MaxVoices value="10"/> <MaxRepeatRate value="0.01"/> </SoundDataNode>
			
	<!-- Horns -->
	
		<SoundDataNode name="MD500_horn"> <AudioSource name="@:Sounds/Prefabs/AudioSource_SmallHorn.prefab"/>
			<Noise ID="4" noise="60" time="3" heat_map_strength="0.2" heat_map_time="90"/>
			<AudioClip ClipName="#@modfolder:Resources/MDhorns1.unity3d?MDtruck_horn"/>
			<LocalCrouchVolumeScale value="1.0"/> <CrouchNoiseScale value="1"/> <NoiseScale value="1"/> <MaxVoices value="3"/> <MaxEntities name="6"/> <MaxRepeatRate value="0.01"/> </SoundDataNode>
			
	</append>
</configs>