<configs>
	<append xpath="/vehicles">
		<vehicle name="vehicleMD500">
			<property name="cameraDistance" value="10, 10"/>
			<property name="cameraTurnRate" value=".2, .35"/>
			<property name="motorTorque_turbo" value="7000, 7000, 7000, 7000"/>
			<property name="velocityMax_turbo" value="40, 40, 50, 50"/>
			<property name="brakeTorque" value="1000"/>
			<property name="steerRate" value="130"/>
			<property name="steerCenteringRate" value="90"/>
			<property name="tiltAngleMax" value="2"/>
			<property name="tiltThreshold" value="2"/>
			<property name="tiltDampening" value=".01"/>
			<property name="tiltDampenThreshold" value="0"/>
			<property name="tiltUpForce" value="1"/>
			<property name="upAngleMax" value="100000000000"/>
			<property name="upForce" value=".5"/>
			<property name="unstickForce" value="1"/>
			<property name="airDrag_velScale_angVelScale" value=".997, .97"/>
			<property name="waterDrag_y_velScale_velMaxScale" value="1.5, .9, 1"/>
			<property name="waterLift_y_depth_force" value="1, .5, .1"/>
			<property name="hornSound" value="MD500_horn"/>
			<property class="engine">
				<property name="class" value="Engine"/>
				<property name="particleOn" value="M/p_on"/>
				<property name="particleDamaged" value="M/p_damaged"/>
				<property name="particleBroken" value="M/p_broken"/>
				<property name="foodDrain" value=".003,.003"/>
				<property name="slot_type" value="engine"/>
				<property name="transform" value="engine_small"/>
				<property name="fuelKmPerL" value="0.075"/>
				<property name="gear1" value="
									500,2500, -1400,800,0, 1500,9999,9999,
									,
									,
									0, .5,  .45, .1,  -9, .1, .1, MD500_flying,
									-.1, .1,  .65, .7,  0, 9, .1, MD500_flying
									"/>
				<property name="sound_start" value="MD500_start"/>
				<property name="sound_shut_off" value="MD500_stop"/>
				<property name="sound_no_fuel_shut_off" value="Vehicles/Gyrocopter/gyrocopter_sputter"/>
				<property name="paint" value="M/chassis"/>
				<property name="mod" value="speed"/>
				<property name="modT" value="M/Origin/TopPropellerJoint/propTurbo"/>
				<property name="modHideT" value="M/Origin/TopPropellerJoint/prop"/>
			</property>
			<property class="fuelTank">
				<property name="class" value="FuelTank"/>
				<property name="capacity" value="400"/>
				<property name="mod" value="fueltank"/>
				<property name="modT" value="M/Fuel"/>
			</property>
			<property class="handlebars">
				<property name="class" value="Steering"/>
				<property name="steerMaxAngle" value="0"/>
				<property name="IKHandLPosition" value="-0.025, 1.3623, 0.275"/>
				<property name="IKHandLRotation" value="-85.6472, -59.8085, 175.7939"/>
				<property name="IKHandRPosition" value="0.085, 1.4392, 0.28"/>
				<property name="IKHandRRotation" value="83.2585, 90.3006, -170.2602"/>
				<property name="paint" value="M/Doors"/>				
			</property>
			<property class="seat0">
				<property name="class" value="Seat"/>
				<property name="pose" value="50"/>
				<property name="position" value="-.45, 0.4, 0.922"/>
				<property name="rotation" value="0, 0, 0"/>
				<property name="IKFootLPosition" value="-.13, .93, .74"/>
				<property name="IKFootLRotation" value="291.7, 0, 0"/>
				<property name="IKFootRPosition" value=".13, .93, .74"/>
				<property name="IKFootRRotation" value="291.7, 0, 0"/>
				<property name="exit" value="-2.0,0,.9 ~ 2.0,0,.9 ~ 0,0,-2.4 ~ 0,0,2.4 ~ 0,2,0"/>
			</property>
			<property class="seat1">
				<property name="class" value="Seat"/>
				<property name="pose" value="50"/>
				<property name="position" value=".45, 0.4, 0.922"/>
				<property name="rotation" value="0, 0, 0"/>
				<property name="IKHandLPosition" value="-0.09, 1.3623, 0.275"/>
				<property name="IKHandLRotation" value="-85.6472, -59.8085, 175.7939"/>
				<property name="IKHandRPosition" value="0.015, 1.4392, 0.28"/>
				<property name="IKHandRRotation" value="83.2585, 90.3006, -170.2602"/>
				<property name="IKFootLPosition" value="-.13, .93, .74"/>
				<property name="IKFootLRotation" value="291.7, 0, 0"/>
				<property name="IKFootRPosition" value=".13, .93, .74"/>
				<property name="IKFootRRotation" value="291.7, 0, 0"/>
				<property name="exit" value="-2.0,0,.9 ~ 2.0,0,.9 ~ 0,0,-2.4 ~ 0,0,2.4 ~ 0,2,0"/>
			</property>
			<property class="seat2">
				<property name="class" value="Seat"/>
				<property name="pose" value="51"/>
				<property name="position" value="-.35, 0.27, -.259"/>
				<property name="rotation" value="0, 0, 0"/>
				<property name="IKFootLPosition" value="-.13, .75, .49"/>
				<property name="IKFootLRotation" value="0, 0, 0"/>
				<property name="IKFootRPosition" value=".13, .75, .49"/>
				<property name="IKFootRRotation" value="0, 0, 0"/>
				<property name="exit" value="-2.0,0,.9 ~ 2.0,0,.9 ~ 0,0,-2.4 ~ 0,0,2.4 ~ 0,2,0"/>
			</property>
			<property class="seat3">
				<property name="class" value="Seat"/>
				<property name="pose" value="51"/>
				<property name="position" value=".35, 0.27, -.259"/>
				<property name="rotation" value="0, 0, 0"/>
				<property name="IKFootLPosition" value="-.13, .75, .49"/>
				<property name="IKFootLRotation" value="0, 0, 0"/>
				<property name="IKFootRPosition" value=".13, .75, .49"/>
				<property name="IKFootRRotation" value="0, 0, 0"/>
				<property name="exit" value="-2.0,0,.9 ~ 2.0,0,.9 ~ 0,0,-2.4 ~ 0,0,2.4 ~ 0,2,0"/>
			</property>
			<property class="seat4">
				<property name="class" value="Seat"/>
				<property name="pose" value="51"/>
				<property name="position" value="-1, -0.08, .047"/>
				<property name="rotation" value="0, 270, 0"/>
				<property name="IKFootLPosition" value="-.207, 1.07, .563"/>
				<property name="IKFootLRotation" value="321, 0, 0"/>
				<property name="IKFootRPosition" value=".207, 1.07, .563"/>
				<property name="IKFootRRotation" value="321, 0, 0"/>
				<property name="exit" value="-2.0,0,.9 ~ 2.0,0,.9 ~ 0,0,-2.4 ~ 0,0,2.4 ~ 0,2,0"/>
				<property name="mod" value="seat"/>
				<property name="modHideT" value="M/Doors"/>
			</property>
			<property class="seat5">
				<property name="class" value="Seat"/>
				<property name="pose" value="51"/>
				<property name="position" value="1, -0.08, .047"/>
				<property name="rotation" value="0, 90, 0"/>
				<property name="IKFootLPosition" value="-.207, 1.07, .563"/>
				<property name="IKFootLRotation" value="321, 0, 0"/>
				<property name="IKFootRPosition" value=".207, 1.07, .563"/>
				<property name="IKFootRRotation" value="321, 0, 0"/>
				<property name="exit" value="-2.0,0,.9 ~ 2.0,0,.9 ~ 0,0,-2.4 ~ 0,0,2.4 ~ 0,2,0"/>
				<property name="mod" value="seat"/>
			</property>
			<property class="motor0">
				<property name="engine" value="engine"/>
				<property name="engineOffPer" value=".02"/>
				<property name="rpmAccel_min_max" value="0.01, .15"/>
				<property name="rpmMax" value="24"/>
				<property name="rpmDrag" value=".983"/>
				<property name="trigger" value="relative"/>
				<property name="type" value="spin"/>
				<property name="transform" value="M/Origin/TopPropellerJoint"/>
				<property name="axis" value="1"/>
			</property>
			<property class="motor1">
				<property name="engine" value="engine"/>
				<property name="turbo" value="1.35"/>
				<property name="rpmAccel_min_max" value="0.01, .2"/>
				<property name="rpmMax" value="24"/>
				<property name="rpmDrag" value=".983"/>
				<property name="trigger" value="relative"/>
				<property name="type" value="spin"/>
				<property name="transform" value="M/Origin/BackPropellerJoint"/>
				<property name="axis" value="2"/>
			</property>
				<property class="force0">
				<property name="trigger" value="motor0"/>
				<property name="type" value="relative"/>
				<property name="force" value="0, .530, 0"/>
				<property name="ceiling" value="300, 300"/>
			</property>
			<property class="force1">
				<property name="trigger" value="motor1"/>
				<property name="type" value="relative"/>
				<property name="force" value="0, 0, 0"/>
			</property>
			<property class="force2">
				<property name="trigger" value="inputForward"/>
				<property name="type" value="relative"/>
				<property name="force" value="0, 0.14, 0"/>
			</property>
			<property class="force3">
				<property name="trigger" value="inputStrafe"/>
				<property name="type" value="relativeTorque"/>
				<property name="force" value="0, .070, 0"/>
			</property>
			<property class="force4">
				<property name="trigger" value="inputUp"/>
				<property name="type" value="relativeTorque"/>
				<property name="force" value="-.04, 0, 0"/>
			</property>
			<property class="force5">
				<property name="trigger" value="inputDown"/>
				<property name="type" value="relativeTorque"/>
				<property name="force" value=".04, 0, 0"/>
			</property>
			<property class="headlight">
				<property name="class" value="Headlight"/>
				<property name="transform" value="M/Origin/headlight/lightSource"/>
				<property name="bright" value=".75"/>
				<property name="mod" value="light"/>
				<property name="modT" value="M/LightBar"/>
				<property name="modOnT" value="M/LightBar/Lights"/>
				<property name="modHideT" value="M/Origin/headlight"/>
				<property name="modMatEmissive" value="909090"/>
			</property>
			<property class="storage">
				<property name="class" value="Storage"/>
				<property name="display_name" value="basket"/>
				<property name="slot_type" value="basket"/>
				<property name="mesh" value="basket"/>
				<property name="transform" value="basket"/>
			</property>
		</vehicle>
	</append>
</configs>