<configs>
	<append xpath="/entity_classes">
		<entity_class name="vehicleMarauder">
			<property name="Tags" value="vehicle,usesGas"/>
			<property name="Class" value="EntityVJeep"/>
			<property name="Parent" value="Cars"/>
			<property name="Prefab" value="#@modfolder:Resources/Marauder1.unity3d?vehicleMarauder.prefab"/>
			<property name="ModelType" value="Standard"/>
			<property name="SurfaceCategory" value="metal"/>
			<property name="IgnoreTrigger" value="true"/>
			<property name="LootListAlive" value="vehicle4x4Truck"/>
			<property name="IsEnemyEntity" value="false"/>
			<property name="Explosion.ParticleIndex" value="32"/>
			<property name="Explosion.RadiusBlocks" value="5"/>
			<property name="Explosion.RadiusEntities" value="5"/>
			<property name="Explosion.BlockDamage" value="100"/>
			<property name="Explosion.EntityDamage" value="100"/>
			<property name="RotateToGround" value="true"/>
			<property name="Faction" value="none"/>
			<property name="MapIcon" value="MarauderUIicon"/>
			<property name="NavObject" value="Marauder"/>
			<property name="Buffs" value="buffVehicleArmorHighBlockDamage"/>
		</entity_class>
	</append>
</configs>