<configs>
	<append xpath="/items">
		<item name="vehicleMarauderchassis">
			<property name="Extends" value="vehicleWheels"/>
			<property name="UnlockedBy" value="craftingVehicles"/>
			<property name="CustomIcon" value="Marauderchassis"/>
			<property name="DescriptionKey" value="vehicleMarauderchassisDesc"/>
			<property name="EconomicValue" value="10000"/>
			<property name="TraderStageTemplate" value="vehicleTier4"/>
		</item>
		<item name="vehicleMarauderaccessories">
			<property name="Extends" value="vehicleWheels"/>
			<property name="UnlockedBy" value="craftingVehicles"/>
			<property name="CustomIcon" value="Marauderaccessories"/>
			<property name="DescriptionKey" value="vehicleMarauderaccessoriesDesc"/>
			<property name="EconomicValue" value="10000"/>
			<property name="TraderStageTemplate" value="vehicleTier4"/>
		</item>
		<item name="vehicleMarauderplaceable">
			<property name="Extends" value="vehicleTruck4x4Placeable"/>
			<property name="Tags" value="vehicle,vengine,varmor,vfuel,vlight,canHaveCosmetic"/>
			<property name="CustomIcon" value="Marauder"/>
			<property name="DescriptionKey" value="vehicleMarauderplaceableDesc"/>
			<property name="Meshfile" value="#@modfolder:Resources/Marauder1.unity3d?vehicleMarauder.prefab"/>
			<property name="EconomicValue" value="35000"/>
			<property name="TraderStageTemplate" value="vehicleTier5"/>
			<property class="Action1">
				<property name="Vehicle" value="vehicleMarauder"/>
				<property name="VehicleSize" value="4.7, 4.8, 5"/>
			</property>
			<effect_group name="Base Effects" tiered="false">
				<passive_effect name="ModSlots" operation="base_set" value="5"/>
				<passive_effect name="ModPowerBonus" operation="base_add" value="300" tags="EconomicValue"/>
				<passive_effect name="DegradationMax" operation="base_set" value="11000"/>
			</effect_group>
		</item>
		<item name="questRewardMarauderPartsBundle">
			<property name="Extends" value="questRewardBundleMaster"/>
			<property name="CreativeMode" value="Player"/>
			<property name="CustomIcon" value="bundleVehicle4x4"/>
			<property name="CustomIconTint" value="FFFFFF"/>
			<property name="ItemTypeIcon" value="bundle"/>
			<property name="DescriptionKey" value="questRewardVehicleBundleDesc"/>
			<property class="Action0">
				<property name="Create_item" value="vehiclesSkillMagazine,vehicleWheels,questRewardVehiclePartsBundle"/>
				<property name="Create_item_count" value="3,4,1"/>
				<property name="Random_item" value="vehicleMarauderchassis,vehicleMarauderaccessories"/>
				<property name="Random_item_count" value="1,1"/>
				<property name="Random_count" value="1"/>
				<property name="Unique_random_only" value="true"/>
			</property>
		</item>
	</append>
</configs>