<configs>
	<insertBefore xpath="/lootcontainers/lootgroup[@name='groupScrapCommon']">
		<lootgroup name="Maraudergroup">
			<item name="vehicleMarauderchassis"/>
			<item name="vehicleMarauderaccessories"/>
			<item name="vehicleWheels"/>
			<item name="smallEngine"/>
			<item name="carBattery"/>
		</lootgroup>
		<lootgroup name="groupQuestMarauderParts" count="all">
			<item name="questRewardMarauderPartsBundle"/>
		</lootgroup>
	</insertBefore>
	<append xpath="/lootcontainers/lootgroup[@name='vehiclePartsTiered']">
		<item group="Maraudergroup" loot_prob_template="ProbT3"/>
	</append>
</configs>