<configs>
	<append xpath="/recipes">
		<recipe name="vehicleMarauderchassis" count="1" craft_area="workbench" craft_time="230" tags="perkGreaseMonkey,learnable,workbenchCrafting">
			<ingredient name="resourceElectricParts" count="20"/>
			<ingredient name="resourceForgedSteel" count="300"/>
			<ingredient name="resourceMechanicalParts" count="50"/>
			<ingredient name="resourceDuctTape" count="40"/>
			<ingredient name="resourceLeather" count="50"/>
			<effect_group>
				<passive_effect name="CraftingIngredientCount" operation="perc_add" level="0,3" value=".5,.5" tags="resourceForgedSteel,resourceMechanicalParts,resourceDuctTape,resourceElectricParts,resourceLeather"/>
			</effect_group>
		</recipe>
		<recipe name="vehicleMarauderaccessories" count="1" craft_area="workbench" craft_time="230" tags="perkGreaseMonkey,learnable,workbenchCrafting">
			<ingredient name="resourceForgedSteel" count="50"/>
			<ingredient name="resourceMechanicalParts" count="10"/>
			<ingredient name="resourceDuctTape" count="50"/>
			<ingredient name="resourceElectricParts" count="40"/>
			<ingredient name="resourceHeadlight" count="4"/>
			<effect_group>
				<passive_effect name="CraftingIngredientCount" operation="perc_add" level="0,3" value=".5,.5" tags="resourceForgedSteel,resourceMechanicalParts,resourceDuctTape,resourceElectricParts"/>
			</effect_group>
		</recipe>
		<recipe name="vehicleMarauderplaceable" count="1" craft_area="workbench" craft_time="230" tags="workbenchCrafting">
			<ingredient name="vehicleWheels" count="4"/>
			<ingredient name="vehicleMarauderchassis" count="1"/>
			<ingredient name="smallEngine" count="1"/>
			<ingredient name="carBattery" count="1"/>
			<ingredient name="vehicleMarauderaccessories" count="1"/>
		</recipe>
	</append>
 </configs>