<configs>
	<append xpath="/vehicles">
		<vehicle name="vehicleMarauder">
			<property name="cameraDistance" value="7.5, 7"/>
			<property name="cameraTurnRate" value=".2, .35"/>
			<property name="motorTorque_turbo" value="2400, 1200, 3500, 1500"/>
			<property name="velocityMax_turbo" value="12, 8, 16, 10"/>
			<property name="brakeTorque" value="2000"/>
			<property name="upAngleMax" value="70"/>
			<property name="upForce" value="1"/>
			<property name="steerRate" value="160"/>
			<property name="steerCenteringRate" value="100"/>
			<property name="tiltAngleMax" value="180"/>
			<property name="tiltThreshold" value="50"/>
			<property name="tiltDampening" value=".22"/>
			<property name="tiltDampenThreshold" value="80"/>
			<property name="tiltUpForce" value="0"/>
			<property name="hopForce" value="1"/>
			<property name="unstickForce" value="1"/>
			<property name="waterDrag_y_velScale_velMaxScale" value="1.8, .9, .1"/>
			<property name="wheelPtlScale" value="1"/>
			<property name="hornSound" value="truck_horn"/>
			<property class="chassis">
				<property name="class" value="Chassis"/>
				<property name="display_name" value="chassis"/>
				<property name="slot_type" value="chassis"/>
				<property name="mesh" value="chassis"/>
				<property name="transform" value="Origin"/>
				<property name="paint" value="M/Body"/>
			</property>
			<property class="engine">
				<property name="class" value="Engine"/>
				<property name="particleOn" value="M/p_on"/>
				<property name="particleDamaged" value="M/p_damaged"/>
				<property name="particleBroken" value="M/p_broken"/>
				<property name="foodDrain" value=".003,.003"/>
				<property name="slot_type" value="engine"/>
				<property name="mesh" value="engine_small"/>
				<property name="transform" value="engine_small"/>
				<property name="fuelKmPerL" value="0.08"/>
				<property name="gear1" value="
									500,2500, -1400,800,0, 350,2200,900,
								Vehicles/Suv/suv_accel1,
								Vehicles/Suv/suv_decel1,
								0, .7, 1, .1, -9, .12, .1, Vehicles/Suv/suv_idle_lp,
								-.4, -.02, .7, .7, -.2, 9, .2, Vehicles/Suv/suv_max_speed_lp
								"/>
				<property name="gear2" value="
								500,2500, -2000,1000,2000, 450,2200,800,
								Vehicles/Suv/suv_accel2,
								Vehicles/Suv/suv_decel1,
								-.25, -.05, .2, .4, -1, 1, .1, Vehicles/Suv/suv_max_speed_lp
								"/>
				<property name="gear3" value="
								500,2500, -2000,1000,2000, 500,2200,1000,
								Vehicles/Suv/suv_accel3,
								Vehicles/Suv/suv_decel2,
								-.28, -.07, .3, .6, -1, 1, .1, Vehicles/Suv/suv_max_speed_lp
								"/>
				<property name="gear4" value="
								500,2500, -2000,1000,2000, 600,9999,9999,
								,
								Vehicles/Suv/suv_decel2,
								-.31, -.08, .6, .9, -1, 1, .1, Vehicles/Suv/suv_max_speed_lp
									"/>
				<property name="sound_start" value="Vehicles/Suv/suv_startup"/>
				<property name="sound_shut_off" value="Vehicles/Suv/suv_shutoff"/>
				<property name="sound_no_fuel_shut_off" value="Vehicles/Motorbike/motorbike_empty"/>
				<property name="mod" value="speed"/>
				<property name="modT" value="M/Turbo"/>
				<property name="modHideT" value="M/Hood"/>
				<property name="paint" value="M/Hood"/>
			</property>
			<property class="fuelTank">
				<property name="class" value="FuelTank"/>
				<property name="capacity" value="500"/>
				<property name="mod" value="fueltank"/>
				<property name="modT" value="M/Fuel"/>
			</property>
			<property class="handlebars">
				<property name="class" value="Steering"/>
				<property name="slot_type" value="handlebars"/>
				<property name="transform" value="M/Origin/steering_joint"/>
				<property name="steerAngle" value="0, 0, 60"/>
				<property name="IKHandLPosition" value="-.18, .05, .08"/>
				<property name="IKHandLRotation" value="84, 0, 77.6"/>
				<property name="IKHandRPosition" value=".18, .05, .08"/>
				<property name="IKHandRRotation" value="276, 180, 262"/>
			</property>
			<property class="seat0">
				<property name="class" value="Seat"/>
				<property name="pose" value="40"/>
				<property name="position" value="-.44, .3, .095"/>
				<property name="rotation" value="0, 0, 0"/>
				<property name="IKFootLPosition" value="-.13, .78, .48"/>
				<property name="IKFootLRotation" value="0, 0, 0"/>
				<property name="IKFootRPosition" value=".13, .78, .48"/>
				<property name="IKFootRRotation" value="0, 0, 0"/>
				<property name="exit" value="-1.6,0,0 ~ 1.6,0,-1 ~ -.4,0,-2.8 ~ -.4,0,2.6 ~ -.4,2.1,0"/>
			</property>
			<property class="seat1">
				<property name="class" value="Seat"/>
				<property name="pose" value="41"/>
				<property name="position" value=".44, .3, .095"/>
				<property name="rotation" value="0, 0, 0"/>
				<property name="IKFootLPosition" value="-.13, .78, .48"/>
				<property name="IKFootLRotation" value="0, 0, 0"/>
				<property name="IKFootRPosition" value=".13, .78, .48"/>
				<property name="IKFootRRotation" value="0, 0, 0"/>
				<property name="exit" value="-1.6,0,0 ~ 1.6,0,-1 ~ -.4,0,-2.8 ~ -.4,0,2.6 ~ -.4,2.1,0"/>
			</property>
			<property class="wheel0">
				<property name="steerTransform" value="M/Origin/frontLeftWheelStear_joint"/>
				<property name="tireTransform" value="M/Origin/frontLeftWheelStear_joint/frontLeftWheel_joint"/>
				<property name="tireSuspensionPercent" value="1"/>
				<property name="torqueScale_motor_brake" value="1, .8"/>
			</property>
			<property class="wheel1">
				<property name="steerTransform" value="M/Origin/frontRightWheelStear_joint"/>
				<property name="tireTransform" value="M/Origin/frontRightWheelStear_joint/frontRightWheel_joint"/>
				<property name="tireSuspensionPercent" value="1"/>
				<property name="torqueScale_motor_brake" value="1, .8"/>
			</property>
			<property class="wheel2">
				<property name="tireTransform" value="M/Origin/backLeftWheelJoint"/>
				<property name="tireSuspensionPercent" value="1"/>
				<property name="torqueScale_motor_brake" value="1, 1"/>
			</property>
			<property class="wheel3">
				<property name="tireTransform" value="M/Origin/backRightWheelJoint"/>
				<property name="tireSuspensionPercent" value="1"/>
				<property name="torqueScale_motor_brake" value="1, 1"/>
			</property>
			<property class="headlight">
				<property name="class" value="Headlight"/>
				<property name="transform" value="M/Origin/headlight"/>
				<property name="bright" value=".75"/>
				<property name="mod" value="light"/>
				<property name="modT" value="M/LightBar"/>
				<property name="modOnT" value="M/LightBar/Lights"/>
				<property name="modMatEmissive" value="909090"/>
			</property>
			<property class="armor">
				<property name="class" value="VehiclePart"/>
				<property name="mod" value="armor"/>
				<property name="modT" value="M/Armor"/>
				<property name="modRBT" value="Armor"/>
			</property>
			<property class="storage">
				<property name="class" value="Storage"/>
				<property name="display_name" value="basket"/>
				<property name="slot_type" value="basket"/>
				<property name="mesh" value="basket"/>
				<property name="transform" value="basket"/>
			</property>
		</vehicle>
	</append>
</configs>