<config>
<set xpath="//vehicle[@name='vehicleMotorcycle']/property[@name='velocityMax_turbo']/@value">13.5, 5, 17.5, 5</set>
  
<set xpath="//vehicle[@name='vehicleTruck4x4']/property[@name='velocityMax_turbo']/@value">11.5, 10, 15.5, 10 </set>

<set xpath="/vehicles/vehicle[@name='vehicleBicycle']/property[@name='velocityMax_turbo']/@value">8, 4, 12, 4</set>

<set xpath="/vehicles/vehicle[@name='vehicleMinibike']/property[@name='velocityMax_turbo']/@value">10, 5, 14, 5</set>

<set xpath="//vehicle[@name='vehicleMinibike']/property[@name='brakeTorque']/@value">2000</set>

<set xpath="//vehicle[@name='vehicleMotorcycle']/property[@name='brakeTorque']/@value">2000</set>

<set xpath="//vehicle[@name='vehicleMotorcycle']/property[@name='steerRate']/@value">200</set>

<set xpath="//vehicle[@name='vehicleMotorcycle']/property[@name='tiltAngleMax']/@value">10</set>

<set xpath="//vehicle[@name='vehicleMotorcycle']/property[@name='steerCenteringRate']/@value">80</set>

<set xpath="//vehicle[@name='vehicleMinibike']/property[@name='steerCenteringRate']/@value">80</set>

<set xpath="//vehicle[@name='vehicleMinibike']/property[@name='tiltAngleMax']/@value">10</set>

<set xpath="//vehicle[@name='vehicleMinibike']/property[@name='steerRate']/@value">150</set>

<set xpath="//vehicle[@name='vehicleTruck4x4']/property[@name='steerCenteringRate']/@value">80</set>

<set xpath="//vehicle[@name='vehicleTruck4x4']/property[@name='steerRate']/@value">200</set>

<set xpath="//vehicle[@name='vehicleTruck4x4']/property[@name='brakeTorque']/@value">6000</set>

<set xpath="//vehicle[@name='vehicleBicycle']/property[@name='steerRate']/@value">200</set>

<set xpath="//vehicle[@name='vehicleBicycle']/property[@name='tiltAngleMax']/@value">2</set>

<set xpath="//vehicle[@name='vehicleBicycle']/property[@name='steerCenteringRate']/@value">85</set>
</config>


