<config>
	<set xpath="//item[@name='resourceScrapBrass']/property[@name='CraftingIngredientTime']/@value">0.01</set>
	
	<set xpath="//item[@name='resourceScrapLead']/property[@name='CraftingIngredientTime']/@value">0.01</set>

	<set xpath="//item[@name='resourceCloth']/property[@name='CraftingIngredientTime']/@value">0.01</set>
	
	<set xpath="//item[@name='resourcePaper']/property[@name='CraftingIngredientTime']/@value">0.01</set>
	
	<set xpath="//item[@name='resourceScrapIron']/property[@name='CraftingIngredientTime']/@value">0.01</set>
	
	<set xpath="//item[@name='resourceRockSmall']/property[@name='CraftingIngredientTime']/@value">0.01</set>

	<set xpath="//item[@name='resourceWood']/property[@name='CraftingIngredientTime']/@value">0.01</set>
	
	<set xpath="//item[@name='resourceScrapPolymers']/property[@name='CraftingIngredientTime']/@value">0.01</set>
</config>

