<configs>
	<append xpath="/entity_classes">
		<entity_class name="vehicleDuster">
			<property name="Tags" value="vehicle,usesGas"/>
			<property name="Class" value="EntityVGyroCopter"/>
			<property name="Parent" value="Cars"/>
			<property name="Prefab" value="#@modfolder:Resources/Duster1.unity3d?vehicleDuster.prefab"/>
			<property name="ModelType" value="Standard"/>
			<property name="SurfaceCategory" value="metal"/>
			<property name="IgnoreTrigger" value="true"/>
			<property name="LootListAlive" value="Duster"/>
			<property name="IsEnemyEntity" value="false"/>
			<property name="Explosion.ParticleIndex" value="32"/>
			<property name="Explosion.RadiusBlocks" value="3"/>
			<property name="Explosion.RadiusEntities" value="3"/>
			<property name="Explosion.BlockDamage" value="30"/>
			<property name="Explosion.EntityDamage" value="30"/>
			<property name="RotateToGround" value="true"/>
			<property name="Faction" value="none"/>
			<property name="MapIcon" value="DusterUIicon"/>
			<property name="NavObject" value="Duster"/>
		</entity_class>
	</append>
</configs>