<configs>
	<append xpath="/items">
		<item name="vehicleDusterchassis">
			<property name="Extends" value="vehicleWheels"/>
			<property name="UnlockedBy" value="craftingVehicles"/>
			<property name="CustomIcon" value="Dusterchassis"/>
			<property name="DescriptionKey" value="vehicleDusterchassisDesc"/>
			<property name="EconomicValue" value="15000"/>
			<property name="TraderStageTemplate" value="vehicleTier4"/>
		</item>
		<item name="vehicleDusteraccessories">
			<property name="Extends" value="vehicleWheels"/>
			<property name="UnlockedBy" value="craftingVehicles"/>
			<property name="CustomIcon" value="Dusteraccessories"/>
			<property name="DescriptionKey" value="vehicleDusteraccessoriesDesc"/>
			<property name="EconomicValue" value="15000"/>
			<property name="TraderStageTemplate" value="vehicleTier4"/>
		</item>
		<item name="vehicleDusterplaceable">
			<property name="Extends" value="vehicleGyrocopterPlaceable"/>
			<property name="Tags" value="vehicle,vengine,vfuel,vseat,vlight,canHaveCosmetic"/>
			<property name="CustomIcon" value="Duster"/>
			<property name="DescriptionKey" value="vehicleDusterplaceableDesc"/>
			<property name="Meshfile" value="#@modfolder:Resources/Duster1.unity3d?vehicleDuster.prefab"/>
			<property name="EconomicValue" value="50000"/>
			<property name="TraderStageTemplate" value="vehicleTier5"/>
			<property class="Action1">
				<property name="Vehicle" value="vehicleDuster"/>
				<property name="VehicleSize" value="4.7, 4.8, 5"/>
			</property>
			<effect_group name="Base Effects" tiered="false">
				<passive_effect name="ModSlots" operation="base_set" value="5"/>
				<passive_effect name="ModPowerBonus" operation="base_add" value="300" tags="EconomicValue"/>
				<passive_effect name="DegradationMax" operation="base_set" value="4000"/>
			</effect_group>
		</item>
		<item name="questRewardDusterPartsBundle">
			<property name="Extends" value="questRewardBundleMaster"/>
			<property name="CreativeMode" value="Player"/>
			<property name="CustomIcon" value="bundleVehicleGyro"/>
			<property name="CustomIconTint" value="FFFFFF"/>
			<property name="ItemTypeIcon" value="bundle"/>
			<property name="DescriptionKey" value="questRewardVehicleBundleDesc"/>
			<property class="Action0">
				<property name="Create_item" value="vehiclesSkillMagazine,vehicleWheels,questRewardVehiclePartsBundle"/>
				<property name="Create_item_count" value="3,2,1"/>
				<property name="Random_item" value="vehicleDusterchassis,vehicleDusteraccessories"/>
				<property name="Random_item_count" value="1,1"/>
				<property name="Random_count" value="1"/>
				<property name="Unique_random_only" value="true"/>
			</property>
		</item>
	</append>
</configs>