<configs>
	<append xpath="/lootcontainers">
		<lootcontainer name="Duster" count="0" size="9,6" sound_open="UseActions/vehicle_storage_open" open_time="0" sound_close="UseActions/vehicle_storage_close" loot_quality_template="qualBaseTemplate"></lootcontainer>
	</append>
		<conditional>
			<if cond="mod_loaded('zSMXui')">
				<set xpath="/lootcontainers/lootcontainer[@size='9,6']/@size">5,11</set>
			</if>
		</conditional>
	<insertBefore xpath="/lootcontainers/lootgroup[@name='groupScrapCommon']">
		<lootgroup name="Dustergroup">
			<item name="vehicleDusterchassis"/>
			<item name="vehicleDusteraccessories"/>
			<item name="vehicleWheels"/>
			<item name="smallEngine"/>
			<item name="carBattery"/>
		</lootgroup>
		<lootgroup name="groupQuestDusterParts" count="all">
			<item name="questRewardDusterPartsBundle"/>
		</lootgroup>
	</insertBefore>
	<append xpath="/lootcontainers/lootgroup[@name='vehiclePartsTiered']">
		<item group="Dustergroup" loot_prob_template="ProbT3"/>
	</append>
</configs>