<configs>
	<append xpath="/recipes">
		<recipe name="vehicleDusterchassis" count="1" craft_area="workbench" craft_time="300" tags="perkGreaseMonkey,learnable,workbenchCrafting">
			<ingredient name="resourceSpring" count="5"/>
			<ingredient name="resourceForgedSteel" count="250"/>
			<ingredient name="resourceMechanicalParts" count="50"/>
			<ingredient name="resourceDuctTape" count="40"/>
			<ingredient name="resourceMetalPipe" count="50"/>
			<effect_group>
				<passive_effect name="CraftingIngredientCount" operation="perc_add" level="0,3" value=".5,.5" tags="resourceForgedSteel,resourceDuctTape,resourceMechanicalParts,resourceSpring"/>
			</effect_group>
		</recipe>
		<recipe name="vehicleDusteraccessories" count="1" craft_area="workbench" craft_time="300" tags="perkGreaseMonkey,learnable,workbenchCrafting">
			<ingredient name="resourceForgedSteel" count="50"/>
			<ingredient name="resourceMechanicalParts" count="10"/>
			<ingredient name="resourceLeather" count="50"/>
			<ingredient name="resourceElectricParts" count="40"/>
			<ingredient name="resourceSpring" count="20"/>
			<effect_group>
				<passive_effect name="CraftingIngredientCount" operation="perc_add" level="0,3" value=".5,.5" tags="resourceForgedSteel,resourceLeather,resourceMechanicalParts,resourceElectricParts,resourceSpring"/>
			</effect_group>
		</recipe>
		<recipe name="vehicleDusterplaceable" count="1" craft_area="workbench" craft_time="300" tags="workbenchCrafting">
			<ingredient name="vehicleWheels" count="2"/>
			<ingredient name="vehicleDusteraccessories" count="1"/>
			<ingredient name="vehicleDusterchassis" count="1"/>
			<ingredient name="smallEngine" count="1"/>
			<ingredient name="carBattery" count="1"/>
		</recipe>				
	</append>
 </configs>