<configs>
	<append xpath="/vehicles">
		<vehicle name="vehicleDuster">
			<property name="cameraDistance" value="8, 10"/>
			<property name="cameraTurnRate" value=".2, .35"/>
			<property name="motorTorque_turbo" value="100, 1, 100, 1"/>
			<property name="velocityMax_turbo" value="50, 10, 60, 10"/>
			<property name="brakeTorque" value="100"/>
			<property name="steerRate" value="100"/>
			<property name="steerCenteringRate" value="90"/>
			<property name="tiltAngleMax" value="2"/>
			<property name="tiltThreshold" value="5"/>
			<property name="tiltDampening" value=".01"/>
			<property name="tiltDampenThreshold" value="0"/>
			<property name="tiltUpForce" value="1"/>
			<property name="upAngleMax" value="60"/>
			<property name="upForce" value=".5"/>
			<property name="unstickForce" value="1"/>
			<property name="airDrag_velScale_angVelScale" value=".997, .97"/>
			<property name="waterDrag_y_velScale_velMaxScale" value="1.5, .9, 1"/>
			<property name="waterLift_y_depth_force" value="1, .5, .1"/>
			<property name="hornSound" value="Duster_horn"/>
			<property class="chassis">
				<property name="class" value="Chassis"/>
				<property name="paint" value="M/chassis"/>
			</property>
			<property class="engine">
				<property name="class" value="Engine"/>
				<property name="particleOn" value="M/p_on"/>
				<property name="particleDamaged" value="M/p_damaged"/>
				<property name="particleBroken" value="M/p_broken"/>
				<property name="foodDrain" value=".003,.003"/>
				<property name="slot_type" value="engine"/>
				<property name="transform" value="engine_small"/>
				<property name="fuelKmPerL" value="0.15"/>
				<property name="gear1" value="
									500,2500, -1400,800,0, 1500,9999,9999,
									,
									,
									0, .5,  .45, .1,  -9, .1, .1, Vehicles/Gyrocopter/gyrocopter_idle_lp,
									-.1, .1,  .65, .7,  0, 9, .1, Vehicles/Gyrocopter/gyrocopter_med_lp
									"/>
				<property name="sound_start" value="Vehicles/Gyrocopter/gyrocopter_start"/>
				<property name="sound_shut_off" value="Vehicles/Gyrocopter/gyrocopter_shutoff"/>
				<property name="sound_no_fuel_shut_off" value="Vehicles/Gyrocopter/gyrocopter_sputter"/>
				<property name="paint" value="M/Origin/TopPropellerJoint/propTurbo"/>
				<property name="mod" value="speed"/>
				<property name="modT" value="M/Origin/TopPropellerJoint/propTurbo"/>
				<property name="modHideT" value="M/Origin/TopPropellerJoint/prop"/>
			</property>
			<property class="fuelTank">
				<property name="class" value="FuelTank"/>
				<property name="capacity" value="200"/>
				<property name="mod" value="fueltank"/>
				<property name="modT" value="M/Fuel"/>
				<property name="paint" value="M/Origin/TopPropellerJoint/prop"/>
			</property>
			<property class="handlebars">
				<property name="class" value="Steering"/>
				<property name="steerMaxAngle" value="0"/>
				<property name="IKHandLPosition" value="-0.06, 1.1, -0."/>
				<property name="IKHandLRotation" value="-85.6472, -59.8085, 175.7939"/>
				<property name="IKHandRPosition" value="0.06, 1.2, -0."/>
				<property name="IKHandRRotation" value="83.2585, 90.3006, -170.2602"/>
			</property>
			<property class="seat0">
				<property name="class" value="Seat"/>
				<property name="pose" value="40"/>
				<property name="position" value="0, .75, 0.55"/>
				<property name="rotation" value="0, 0, 0"/>
				<property name="exit" value="-1.3,0,3 ~ 1.3,0,3 ~ 0,0,-3.4 ~ 0,0,3.4 ~ 0,2,0"/>
			</property>
			<property class="seat1">
				<property name="class" value="Seat"/>
				<property name="pose" value="41"/>
				<property name="position" value="0, 1.2, -0.319"/>
				<property name="rotation" value="0, 180, 0"/>
				<property name="exit" value="-1.3,0,3 ~ 1.3,0,3 ~ 0,0,-3.4 ~ 0,0,3.4 ~ 0,2,0"/>
				<property name="mod" value="seat"/>
				<property name="modT" value="M/Seat"/>
			</property>
			<property class="motor0">
				<property name="rpmAccel_min_max" value="0.01, .4"/>
				<property name="rpmMax" value="24"/>
				<property name="rpmDrag" value=".993"/>
				<property name="trigger" value="vel"/>
				<property name="type" value="spin"/>
				<property name="transform" value="M/Origin/TopPropellerJoint"/>
				<property name="axis" value="2"/>
			</property>
			<property class="motor1">
				<property name="engine" value="engine"/>
				<property name="engineOffPer" value=".05"/>
				<property name="turbo" value="1.35"/>
				<property name="rpmAccel_min_max" value="0.01, .2"/>
				<property name="rpmMax" value="24"/>
				<property name="rpmDrag" value=".993"/>
				<property name="trigger" value="inputForward"/>
				<property name="type" value="spin"/>
				<property name="transform" value="M/Origin/BackPropellerJoint"/>
				<property name="axis" value="2"/>
			</property>
			<property class="force0">
				<property name="trigger" value="motor0"/>
				<property name="type" value="relative"/>
				<property name="force" value="0, 0.17, 0"/>
				<property name="ceiling" value="300, 300"/>
			</property>
			<property class="force1">
				<property name="trigger" value="motor1"/>
				<property name="type" value="relative"/>
				<property name="force" value="0, 0, 0.25"/>
			</property>
			<property class="force2">
				<property name="trigger" value="inputForward"/>
				<property name="type" value="relative"/>
				<property name="force" value="0, 0, .050"/>
			</property>
			<property class="force3">
				<property name="trigger" value="inputStrafe"/>
				<property name="type" value="relativeTorque"/>
				<property name="force" value="0, .025, 0"/>
			</property>
			<property class="force4">
				<property name="trigger" value="inputUp"/>
				<property name="type" value="relativeTorque"/>
				<property name="force" value="-.025, 0, 0"/>
			</property>
			<property class="force5">
				<property name="trigger" value="inputDown"/>
				<property name="type" value="relativeTorque"/>
				<property name="force" value=".025, 0, 0"/>
			</property>
			<property class="wheel0">
				<property name="torqueScale_motor_brake" value="0, .1"/>
			</property>
			<property class="wheel1">
				<property name="tireTransform" value="M/Origin/LeftWheel"/>
				<property name="torqueScale_motor_brake" value="0, .1"/>
			</property>
			<property class="wheel2">
				<property name="tireTransform" value="M/Origin/RightWheel"/>
				<property name="torqueScale_motor_brake" value="0, .1"/>
			</property>
			<property class="headlight">
				<property name="class" value="Headlight"/>
				<property name="bright" value=".9"/>
				<property name="transform" value="M/headlight"/>
				<property name="mod" value="light"/>
				<property name="modT" value="M/LightBar"/>
				<property name="modOnT" value="M/LightBar/Lights"/>
				<property name="modMatEmissive" value="909090"/>
			</property>
			<property class="storage">
				<property name="class" value="Storage"/>
				<property name="display_name" value="basket"/>
				<property name="slot_type" value="basket"/>
				<property name="mesh" value="basket"/>
				<property name="transform" value="basket"/>
			</property>
		</vehicle>
	</append>
</configs>